title,current_price,original_price,discount,seller_rating,seller,brand
Dell Latitude 7470,"Rs. 50,000",,,No Ratings,IT Support Solutions PVT Limited,Dell
Dell Laptop 5400 I5 8th Generation HDD 256 Ram 8GB,"Rs. 53,000",,,No Ratings,DB technology center,Dell
"DELL Latitude 5470 Core i5-6th Generation CPU, 8GB DDR4 RAM, 256GB SSD Hard, 14 inch Display","Rs. 53,000",,,No Ratings,DB technology center,Dell
"[REFURBISHED] Lenovo Thinkpad X230 , Core i5 3rd gen 8GB Ram 500GB HDD,","Rs. 53,500",,,Ratings 19,AcePro Trading Pvt Ltd,Lenovo
"(REFURBISHED) Lenovo ThinkPad X250 i5 5th Gen 8GB Ram 500GB HDD, Wifi, Webcam","Rs. 58,250",,,Ratings 3,AcePro Trading Pvt Ltd,Lenovo
"REFURBISHED Dell Latitude E7440 Slim Business model Laptop , Core i5 8GB Ram , 500GB Hard Drive","Rs. 57,500",,,Ratings 25,AcePro Trading Pvt Ltd,Dell
Hp ELIGHTBOOK 840 G3,"Rs. 55,000",,,No Ratings,IT Support Solutions PVT Limited,HP
Hp ELIGHTBOOK 850 G4,"Rs. 55,000",,,No Ratings,IT Support Solutions PVT Limited,HP
HP ProBook 640 G2 (Used),"Rs. 55,000",,,No Ratings,Lap on Lap,HP
[REFURBISHED] Apple Mac Mini Desktop,"Rs. 129,700",,,Ratings 1,AcePro Trading Pvt Ltd,Apple
"Toshiba Z30 Core i5 8GB Ram , 256GB SSD Drive, Windows 11 Ms Office Laptop (light weight 1Kg)","Rs. 55,500",,,Ratings 11,AcePro Trading Pvt Ltd,Unspecified
"Dell Latitude E5470 14 inches HD Laptop, Core i3-6100U 2.3GHz, 8GB, 500GBHard Drive , Windows 10 Pro 64Bit","Rs. 56,000",,,No Ratings,RIGHT -WAY,Dell
DELL LATITUDE 5450 CORE I5 5TH GEN 8GB RAM 256GB SSD 14 INCH HIGH QUALITY LAPTOP,"Rs. 58,500","Rs. 96,500",-39%,No Ratings,Cyber Power LK 1637406306,Dell
[REFURBISHED] - Dell Latitude E5250 Core i5 5th Gen laptop 8GB Ram 256GB SSD Drive,"Rs. 62,500",,,Ratings 3,AcePro Trading Pvt Ltd,Dell
"(REFURBISHED) Lenovo ThinkPad T440 4th Gen i5 8GB Ram 500GB HDD, Wifi, Webcam","Rs. 58,900",,,Ratings 2,AcePro Trading Pvt Ltd,Lenovo
Lenovo ThinkPad X260 i5 6th Gen 16GB 512GB SSD portable Laptop,"Rs. 68,250",,,No Ratings,UB18 Computers Pvt Ltd,Lenovo
Lenovo Thinkpad T440 (14‚Ä≥) Core i5 -4th Gen,"Rs. 59,500",,,No Ratings,ONESTORE SL,Lenovo
Dell Latitude E7440 (14‚Ä≥) Core i5-4300u 8GB,"Rs. 59,500",,,No Ratings,ONESTORE SL,Dell
"[REFURBISHED] Fujitsu S936 i5 6th Generation slim light weight Laptop Made in Japan,","Rs. 62,500",,,Ratings 5,AcePro Trading Pvt Ltd,Unspecified
"[REFURBISHED] HP EliteBook 840 G2 i5 5th Gen Slim Business model Laptop , Win 11,","Rs. 65,500",,,Ratings 4,AcePro Trading Pvt Ltd,HP
AMD A10 7TH GEN - R556Q,"Rs. 60,000",,,No Ratings,DAM seller,Unspecified
"[REFURBISHED] - Dell Latitude E5270 Core i5 8GB Ram , 256GB SSD Drive","Rs. 61,000",,,No Ratings,RIGHT -WAY,Dell
Dell Latitude 7280 japan / Core i5-8250U @ 1.80GHz / 8 GB SSD 256 GB / 12.5 inch Built-in Webcam / HDMI,"Rs. 62,000",,,No Ratings,Flex online store,Dell
"Lenovo ThinkPad X1 Carbon Core i7 | 8GB Ram | 256GB SSD | Intel¬Æ UHD Graphics Windwos 11 Pro WiFi, Bluetooth, HDMI, USB 3.0 A Grade","Rs. 62,500","Rs. 95,500",-35%,No Ratings,PandaeKade,Lenovo
HP PROBOOK 640 G2 CORE i5 6TH GEN 8GB RAM / 256GB SSD 14'6 INCH LAPTOP,"Rs. 62,500","Rs. 155,000",-60%,No Ratings,Cyber Power LK 1637406306,HP
Dell Latitude E7270 pre owned (Core I5 ‚Äì 6th Gen) (8GB RAM) (256GB SSD),"Rs. 63,500",,,No Ratings,Smart Boutiques,Dell
"[REFURBISHED] - Dell Latitude E5270 Core i5 16GB Ram , 256GB SSD Drive","Rs. 64,000",,,No Ratings,RIGHT -WAY,Dell
Lenovo ThinkPad X390 i5 8th Gen 8GB 256GB SSD Laptop,"Rs. 64,000",,,No Ratings,RIGHT -WAY,Lenovo
HP ProBook 640 G2 Core i5 6th gen 8GB-RAM / 256GB-SSD Premium Laptop,"Rs. 64,000","Rs. 85,000",-25%,No Ratings,INOFIX SOLUTIONS,HP
Lenovo Thinkpad T460 i5 6th Gen 16GB Ram 256GB SSD 14inch Full HD Laptop,"Rs. 68,400",,,Ratings 3,AcePro Trading Pvt Ltd,Lenovo
DELL LATITUDE 5400 i5 8th Gen 8GB | 256 GB NVME,"Rs. 64,500","Rs. 69,500",-7%,No Ratings,mybox,Dell
Lenovo ThinkPad T470 i5 7th Generation 8GB/16GB RAM 256GB/512GB SSD Laptop [REFURBISHED],"Rs. 68,800",,,Ratings 3,AcePro Trading Pvt Ltd,Lenovo
[REFURBISHED] HP EliteBook 840 G1 i5 4th Gen Slim Business model Laptop,"Rs. 64,500",,,Ratings 33,AcePro Trading Pvt Ltd,HP
Dell Latitude E7470 i5 6th Gen 8GB Ram 256GB SSD,"Rs. 64,900",,,No Ratings,Computer HUB,Dell
Dell Latitude 7490 laptop i5 8th gen,"Rs. 65,000",,,No Ratings,Kings Australia,Dell
Dell Latitude 7290 japan / Core i5-8250U @ 1.80GHz / 8 GB SSD 256 GB / 12.5 inch Built-in Webcam / HDMI,"Rs. 65,000",,,No Ratings,Flex online store,Dell
USED LAPTOP THINKPAD L450,"Rs. 65,000",,,No Ratings,Matheesha Computers,Lenovo
HP ProBook 640 G2 i5 6th Gen Laptop,"Rs. 69,500",,,Ratings 9,AcePro Trading Pvt Ltd,HP
Lenovo ThinkPad X390 i5 8th Gen 8GB 256GB SSD Laptop,"Rs. 65,500",,,Ratings 3,UB18 Computers Pvt Ltd,Lenovo
"[REFURBISHED] Dell Latitude E7480 , Core i5 6th Gen 8GB Ram , 256GB SSD 14inch Laptop","Rs. 85,500",,,Ratings 15,AcePro Trading Pvt Ltd,Dell
"[REFURBISHED] Toshiba Portege A30-D Core i5 16GB Ram , 256GB SSD 14inch Laptop","Rs. 66,500",,,No Ratings,AcePro Trading Pvt Ltd,Unspecified
Dell Latitude 7480 Laptop 14 - Intel Core i5 6th Gen - i5-6300U - 3Ghz - 256GB SSD - 8GB RAM,"Rs. 68,000",,,No Ratings,RIGHT -WAY,Dell
Dell Latitude 5580 quad core i7 6th Gen 16GB Ram 512GB NVME SSD 15.6inch Laptop,"Rs. 68,400",,,No Ratings,UB18 Computers Pvt Ltd,Dell
Dell Latitude E7480 i5 6th Gen 16GB DDR4 512GB SSD Laptop,"Rs. 68,500",,,Ratings 1,UB18 Computers Pvt Ltd,Dell
"Dell Latitude 3380 - i3 / 6th Gen / 8GB / 256GB SSD / 14"" (Re-New)","Rs. 68,970",,,No Ratings,IT Circle,Dell
[Refurbished] Dell Latitude 7490 Core i5 8th Gen 8GB 265GB NVME SSD,"Rs. 69,500","Rs. 75,000",-7%,No Ratings,NEW WINTEC (PVT) LTD,Dell
Lenovo ThinkPad T570 Core i5 7th Gen 16GB Ram 512GB SSD 15.6 inch Laptop Win11 Pro,"Rs. 77,500",,,Ratings 1,UB18 Computers Pvt Ltd,Lenovo
Lenovo Think Pad x270,"Rs. 69,500",,,No Ratings,AvrioTechnologies,Lenovo
HP EliteBook (pre owned üá®üá¶)840 G3 8gb/256gb,"Rs. 69,500",,,Ratings 1,Smart Boutiques,HP
Dell Latitude 7490 Core i5 8th Gen 8gb RAM 256gb SSD Brand New Slim Laptop,"Rs. 69,500","Rs. 135,000",-49%,No Ratings,Lushan enterprices,Dell
HP PROBOOK 640 G2 I5 6TH GEN LAPTOP (USED),"Rs. 69,500",,,No Ratings,Matheesha Computers,HP
DELL LATITUDE 5470 CORE I5 7TH GEN 8GB RAM 256GB SSD 14 INCH HIGH QUALITY LAPTOP,"Rs. 69,500","Rs. 110,000",-37%,No Ratings,Cyber Power LK 1637406306,Dell
DELL LATITUDE 7480 CORE I5 7TH GEN 8GB RAM 256GB SSD 14 INCH HIGH QUALITY LAPTOP,"Rs. 69,500","Rs. 168,500",-59%,Ratings 3,Cyber Power LK 1637406306,Dell
Dell Laptop Latitude E6440 i5 4th 8GB 500GB HDD 14inch Laptop,"Rs. 69,500",,,No Ratings,AcePro Trading Pvt Ltd,Dell
LENOVO i7 8CH GEN (JAPAN USED),"Rs. 70,000",,,No Ratings,MATRIX SALUTATIONS,Lenovo
"Dell Latitude 7480 14 HD Anti-Glare, Intel Core i5-7350U, 8GB DDR4, 256GB Solid State Drive, Webcam, Bluetooth, Windows 10Pro","Rs. 72,500","Rs. 125,000",-42%,No Ratings,Horizen Shopping,Dell
LENOVO ThinkPad T460S CORE I5 6TH GEN 8GB RAM 256GB SSD 14 INCH HIGH QUALITY LAPTOP,"Rs. 72,500","Rs. 110,000",-34%,No Ratings,Cyber Power LK 1637406306,Lenovo
"[REFURBISHED] Microsoft Surface Pro , i5 , 8GB Ram, 256GB SSD, 2K Resolution, Windows 11 PRO, MS Office, 6hr+ Battery life","Rs. 72,500",,,Ratings 3,AcePro Trading Pvt Ltd,Unspecified
[REFURBISHED] Lenovo ThinkPad L480 Core i5 8th Gen 14inch Laptop,"Rs. 89,750",,,Ratings 3,AcePro Trading Pvt Ltd,Lenovo
[REFURBISHED] Dell Latitude 5400 Core i5 8th Gen 16GB 512GB SSD laptop for School and online work,"Rs. 72,900",,,Ratings 10,AcePro Trading Pvt Ltd,Dell
Dell Latitude 3400,"Rs. 73,000",,,No Ratings,FUTURE TECHNOLOGIES (PVT) LTD,Dell
Dell Latitude 5490 i7 8th Gen 16GB DDR4 512GB SSD 14inch touch screen Laptop,"Rs. 76,500",,,Ratings 15,UB18 Computers Pvt Ltd,Dell
DELL Latitude E5270 ‚Äì 13‚Ä≥ HD | Intel¬Æ Core‚Ñ¢ i5 6th Gen | 8GB DDR4 RAM | 256GB m.2 SSD |HDMI |Win 11 Pro A Grade Laptop,"Rs. 73,500","Rs. 85,600",-14%,No Ratings,Dealz_LK,Dell
Lenovo ThinkPad T14 Gen 1 Ryzen 5 Pro 4650U ‚Ä¢ 16GB ‚Ä¢ 512GB NVMe SSD (REFURBISHED),"Rs. 74,500","Rs. 85,000",-12%,No Ratings,UB18 Computers Pvt Ltd,Lenovo
HP Pro Book 640 G5 Core i5 8th Gen,"Rs. 74,500",,,No Ratings,iPoint Lanka (Pvt)Ltd,HP
DELL Latitude 5480 touch,"Rs. 74,500",,,No Ratings,Computer HUB,Dell
DELL Latitude E5270 ‚Äì 13‚Ä≥ HD | Intel¬Æ Core‚Ñ¢ i5 6th Gen | 8GB DDR4 RAM | 256GB m.2 SSD |HDMI |Win 11 Pro A Grade Laptop,"Rs. 74,500","Rs. 82,500",-10%,No Ratings,Dealz_LK,Dell
(REFURBISHED) Lenovo ThinkPad T14 Gen 1 Ryzen 5 Pro 4650U ‚Ä¢ 16GB ‚Ä¢ 512GB NVMe SSD,"Rs. 74,500",,,Ratings 5,AcePro Trading Pvt Ltd,Lenovo
"[REFURBISHED] Dell Latitude 7490 , i5 8th Gen 16GB Ram 512GB NVME SSD","Rs. 81,500",,,Ratings 1,AcePro Trading Pvt Ltd,Dell
Dell Latitude 5490 Business Laptop | 14in HD | Intel Core 8th Gen i5-8250U Quad Core | 8GB DDR4 | 256GB,"Rs. 75,000",,,No Ratings,RIGHT -WAY,Dell
Dell Latitude 5400 Laptop 14 Intel Core i5 8th Gen i5-8365U Dual Core 256GB SSD 16GB,"Rs. 75,000",,,No Ratings,RIGHT -WAY,Dell
Dell latitude 3400,"Rs. 75,000",,,No Ratings,FUTURE TECHNOLOGIES (PVT) LTD,Dell
"REFURBISHED Dell Latitude 5490 8th GEN Core i5 16GB RAM , 256 NVME SSD HARD Slim Business model Laptop ,","Rs. 79,000","Rs. 95,000",-17%,No Ratings,iLAP LANKA (PVT) LTD,Dell
Lenovo ThinkPad T470 Core i5 6th Gen | 8GB Ram | 256GB NVMe | Intel¬Æ UHD Graphics,"Rs. 75,000",,,No Ratings,PandaeKade,Lenovo
Dell Latitude 7450,"Rs. 75,000",,,Ratings 1,DR Technologies (Pvt) Ltd,Dell
"[REFURBISHED] Hp ProBook 650 G2 , Core i5 6th Gen 15.6 inch Laptop","Rs. 75,000",,,No Ratings,AcePro Trading Pvt Ltd,HP
Dell Latitude E5290 i5 8th Gen 16GB Ram 512GB SSD,"Rs. 75,500",,,Ratings 9,AcePro Trading Pvt Ltd,Dell
HP ELITEBOOK 840 G3 I5/6TH GEN/8GB/256GB SSD/14‚Ä≥ SCREEN LAPTOP,"Rs. 75,900",,,No Ratings,SUHADA COMPUTER CENTER 1639471481,HP
Dell Latitute 5580 i5 7th Gen 15Inch Laptop 16GB Ram 512GB SSD,"Rs. 76,500","Rs. 85,000",-10%,No Ratings,UB18 Computers Pvt Ltd,Dell
Dell Latitude 7300 Core i5 8th gen Premium Business-Class Laptop,"Rs. 76,500","Rs. 96,500",-21%,No Ratings,INOFIX SOLUTIONS,Dell
Dell Latitude 5580 quad core i7 7th Gen 16GB Ram 512GB NVME SSD Nvidia Graphic 15.6inch Laptop,"Rs. 76,500",,,Ratings 4,UB18 Computers Pvt Ltd,Dell
DELL Latitude 5480 Core i5 6th Gen 8GB Ram 256GB SSD Backlight keyboard windows 10 Laptop A Grade,"Rs. 76,500",,,No Ratings,PandaeKade,Dell
HP ProBook 640 G5 Notebook I5 7TH GEN 8GB RAM 256GB SSD LAPTOP,"Rs. 77,000",,,No Ratings,SUHADA COMPUTER CENTER 1639471481,HP
Lenovo T470 - i5 / 6th Gen / 8GB / 256SSD / 14' (Re-New),"Rs. 77,365",,,No Ratings,IT Circle,Lenovo
Dell Latitude 5490 (14‚Ä≥) Core i5-7th Gen,"Rs. 77,500",,,No Ratings,ONESTORE SL,Dell
Dell Latitude 7300 i5 8th Gen 16GB Ram 512GB NVME SSD Laptop,"Rs. 86,500",,,No Ratings,UB18 Computers Pvt Ltd,Dell
Dell Latitude 5400 i5 8th Gen 16GB DDR4 512GB SSD Laptop,"Rs. 82,500",,,No Ratings,UB18 Computers Pvt Ltd,Dell
"[REFURBISHED] Hp ProBook 650 G3 , Core i5 7th Gen 15.6 inch Laptop","Rs. 78,500",,,No Ratings,AcePro Trading Pvt Ltd,HP
DELL Latitude 5490 i5 8th Gen 8GB 256GB SSD Laptop,"Rs. 78,500",,,Ratings 12,AcePro Trading Pvt Ltd,Dell
Refurbished Hp Elitbook 830 G5 Ultrabook i5 8th Gen 13.3 inch Full HD Ips Display,"Rs. 85,000",,,No Ratings,AcePro Trading Pvt Ltd,HP
DELL LATITUDE E5480 Core i5 7th generation 8gb Ram 256gb Ssd harddisk Original Windows 11 Laptop,"Rs. 79,000",,,No Ratings,MIGSEN ENTERPRISES,Dell
"[REFURBISHED] Lenovo ThinkPad T480 / T490 / T580 , Core i5 8th Gen 14inch / 15inch Laptop Win11","Rs. 89,500",,,Ratings 4,AcePro Trading Pvt Ltd,Lenovo
Lenovo ThinkPad T495 AMD Ryzen 5 (10th Gen) 16GB Ram 512GB SSD with 5GB graphic Laptop (REFURBISHED),"Rs. 79,500",,,No Ratings,UB18 Computers Pvt Ltd,Lenovo
Lenovo ThinkPad T495 Ryzen 5 (9th Gen) 16GB Ram 512GB SSD with 5GB graphic Laptop for gaming and video editing (REFURBISHED),"Rs. 79,500",,,Ratings 5,AcePro Trading Pvt Ltd,Lenovo
HP EliteBook 840 G6 i5 8th Gen 14inch Laptop,"Rs. 79,500",,,No Ratings,AcePro Trading Pvt Ltd,HP
DELL LATITUDE 5289 i5 7th GEN,"Rs. 79,900",,,No Ratings,Z-phonez Online Store,Dell
DELL I5 4TH GEN -8GB ¬± 256GB SSD | E-6440 Laptop,"Rs. 79,999","Rs. 80,000",-0%,No Ratings,CS CENTER 2.0,Dell
HP ProBook 450 G3,"Rs. 80,000",,,No Ratings,Clickslab,HP
Dell Latitude 5490 Business Laptop | 14in HD | Intel Core 8th Gen i5-8250U Quad Core | 16GB DDR4 | 256GB,"Rs. 80,000",,,No Ratings,RIGHT -WAY,Dell
"Lenovo Thinkpad X390 13.3"" FHD (1920 x 1080), Intel Core i5-8350U 1.7GHz, 3.6GHz Max Turbo Frequency, 8GB DDR4 RAM, 256GB SSD,","Rs. 80,000",,,No Ratings,RIGHT -WAY,Lenovo
"Lenovo ThinkPad T480 14"" HD Business Laptop (Intel 8th Gen Quad-Core i5-8250U, 16GB DDR4 RAM, Toshiba 256GB PCIe NVMe 2242 M.2 SSD) Fingerprint,","Rs. 80,000",,,No Ratings,RIGHT -WAY,Lenovo
Dell Latitue E5490 i5 8th Gen 8GB Ram 256GB NVMe Laptop,"Rs. 81,500",,,No Ratings,Computer HUB,Dell
"Lenovo ThinkPad T490, 14.0"" FHD 1920x1080 IPS, Intel Core i5-8365U Processor, 8GB RAM, 256GB SSD,","Rs. 82,000",,,No Ratings,RIGHT -WAY,Lenovo
[REFURBISHED] Apple MacBook Air 13.3-inch   Core  i5,"Rs. 98,500",,,Ratings 2,AcePro Trading Pvt Ltd,Apple
HP ProBook 650 G2,"Rs. 82,750",,,No Ratings,Timestech.lk,HP
Dell Latitude 7400,"Rs. 83,000",,,No Ratings,FUTURE TECHNOLOGIES (PVT) LTD,Dell
Dell Latitude E7490 i5 8th Gen 8GB Ram 256GB NVMe Laptop,"Rs. 83,500",,,No Ratings,Computer HUB,Dell
Dell Latitude 5410 i5 10th Generation 16GB DDR4 512GB NVME SSD 14inch Laptop,"Rs. 83,500",,,Ratings 1,AcePro Trading Pvt Ltd,Dell
Dell Latitude 5410 i5 10th Gen 16GB DDR4 512GB SSD 14inch Laptop,"Rs. 89,500",,,Ratings 1,UB18 Computers Pvt Ltd,Dell
Lenovo ThinkPad T580 Core i5 8th Gen 15inch Laptop Win11 Pro,"Rs. 84,500",,,No Ratings,UB18 Computers Pvt Ltd,Lenovo
HP ProBook 430 G6 | Core i5 8th Gen | 8 GB RAM | 256 GB NVMe SSD,"Rs. 85,000",,,No Ratings,Nawano Tradings (PVT) LTD,HP
Dell Latitute 5580 i5 7th Gen 15Inch Laptop 16GB Ram 512GB SSD,"Rs. 85,000",,,No Ratings,AcePro Trading Pvt Ltd,Dell
Lenovo ThinkPad T14 Gen 1 Ryzen 5 Pro 4650U ‚Ä¢ 16GB ‚Ä¢ 512GB NVMe SSD (REFURBISHED),"Rs. 85,000",,,No Ratings,AcePro Trading Pvt Ltd,Lenovo
HP EliteBook 745 G6 | Ryzen 3 Pro | 8 GB RAM | 256 NVMe SSD,"Rs. 85,000",,,No Ratings,Nawano Tradings (PVT) LTD,HP
Dell Lattitude 5400 Touch Screen,"Rs. 85,000",,,No Ratings,Smart Boutiques,Dell
Dell Latitude 5490 Business Laptop | 14in HD | Intel Core 8th Gen i5-8250U Quad Core | 16GB DDR4 | 512GB,"Rs. 85,000",,,No Ratings,RIGHT -WAY,Dell
DELL Latitude 7490 ‚Äì 14‚Ä≥ HD | Intel¬Æ Core‚Ñ¢ i5 8th Gen | 8GB DDR4 RAM | 256GB m.2 SSD | BackLit Keyboard | HDMI | USB C | Win10 Pro A Grade,"Rs. 92,500","Rs. 96,500",-4%,No Ratings,Dealz_LK,Dell
AVITA SATUS S102 INTEL CELERON LAPTOP,"Rs. 93,500",,,No Ratings,SUHADA COMPUTER CENTER 1639471481,Unspecified
Lenovo ThinkPad T590 i7 8th Gen 16GB 512GB SSD 15.6inch Laptop,"Rs. 93,500",,,Ratings 15,AcePro Trading Pvt Ltd,Lenovo
Dell Latitude 5400,"Rs. 94,000",,,No Ratings,ONESTORE SL,Dell
[Refurbished] Dell Latitude 5500 Laptop Core i5 8th Gen 8GB Ram 256GB NVME SSD,"Rs. 94,500","Rs. 105,600",-11%,No Ratings,NEW WINTEC (PVT) LTD,Dell
DELL Latitude 7490 ‚Äì 14‚Ä≥ HD | Intel¬Æ Core‚Ñ¢ i5 8th Gen | 8GB DDR4 RAM | 256GB m.2 SSD | BackLit Keyboard | HDMI | USB C | Win10 Pro High Quality Laptop,"Rs. 94,500",,,No Ratings,PandaeKade,Dell
Dell Latitude 7490 i7 8th Gen,"Rs. 94,999",,,No Ratings,iPoint Lanka (Pvt)Ltd,Dell
Dell Latitude 7410,"Rs. 95,000","Rs. 98,500",-4%,No Ratings,UR Enterprises,Dell
HP Elitebook 840 G6 I5 8th Generation,"Rs. 95,000",,,No Ratings,Smart Boutiques,HP
Lenovo Thinkpad T490s,"Rs. 95,000",,,No Ratings,ONESTORE SL,Lenovo
Lenovo Thinkpad T490s Core i5-8th Gen,"Rs. 95,000",,,No Ratings,ONESTORE SL,Lenovo
Macbook air (2015) 11inch,"Rs. 95,000",,,No Ratings,Hashan stores wewagama,Apple
DELL LATITUDE 5300 i7 8th Gen,"Rs. 95,000",,,No Ratings,ONESTORE SL,Dell
DELL Latitude 7480 ‚Äì 14‚Ä≥ HD | Intel¬Æ Core‚Ñ¢ i5 7th Gen | 16GB DDR4 RAM | 256GB m.2 SSD | BackLit Keyboard | HDMI | USB C | Win10 Pro A Grade,"Rs. 95,000",,,No Ratings,Dealz_LK,Dell
DELL Latitude 7480 ‚Äì 14‚Ä≥ HD | Intel¬Æ Core‚Ñ¢ i5 7th Gen | 16GB DDR4 RAM | 256GB m.2 SSD | BackLit Keyboard | HDMI | USB C | Win10 Pro,"Rs. 95,600",,,Ratings 1,Sanva Electronics,Dell
"Dell Latitude 3000 3310 13.3"" Touchscreen Convertible 2 in 1 Notebook - Full HD - 1920 x 1080 - Intel Core i3 8th Gen i3-8450U - 8 GB Total RAM - 256 GB SSD","Rs. 96,500","Rs. 125,000",-23%,No Ratings,Horizen Shopping,Dell
DELL Latitude 7490 ‚Äì 14‚Ä≥ HD | Intel¬Æ Core‚Ñ¢ i5 8th Gen | 8GB DDR4 RAM | 256GB m.2 SSD | BackLit Keyboard | HDMI | USB C | Win10 Pro,"Rs. 96,500",,,No Ratings,Sanva Electronics,Dell
Lenovo ThinkPad Core i5 56h Gen | 8GB Ram | 256GB SSD | Intel¬Æ UHD Graphics,"Rs. 96,500",,,Ratings 1,Dealz_LK,Lenovo
HP Elitebook 840 G5/Core i5 8th Gen/16GB Ram/256GB SSD 14 inch Laptop,"Rs. 96,500","Rs. 175,000",-45%,Ratings 2,Sanva Electronics,HP
"Dell Latitude 5300 FHD Intel i5-8Gen 100% sRGB 8GB RAM, 256GB NVMe Imported Laptop","Rs. 96,900",,,No Ratings,OneMart_Technologies,Dell
Dell Latitude 5400 i7 8th Gen 8GB/16GB 256GB SSD Laptop,"Rs. 97,000",,,No Ratings,Computer HUB,Dell
[REFURBISHED] Lenovo Thinkpad T470s i7 7th Gen ultrabook,"Rs. 97,500",,,Ratings 2,AcePro Trading Pvt Ltd,Lenovo
HP ProBook 640 G3 i5 7th Gen 16GB 256GB SSD,"Rs. 97,750",,,No Ratings,AcePro Trading Pvt Ltd,HP
(REFURBISHED)Dell Latitude 5580 Core i7-7th Gen 8GB,"Rs. 98,000",,,No Ratings,ONESTORE SL,Dell
HP Probook 640 G4 Core i5-8th Gen Touch,"Rs. 98,000",,,No Ratings,ONESTORE SL,HP
Dell Latitude 5510 i5 10th Gen Laptop 16GB 256GB/512GB NVME SSD 15.6inch Laptop,"Rs. 104,500",,,Ratings 1,UB18 Computers Pvt Ltd,Dell
HP 840 G6 I5 8TH GEN TOUCH SCREEN USE LAPTOP,"Rs. 98,500",,,No Ratings,NEW WINTEC (PVT) LTD,HP
DELL Latitude 5410 ‚Äì 14‚Ä≥ HD | Intel¬Æ Core‚Ñ¢ i5 10th Gen | 8GB DDR4 RAM | 256GB m.2 SSD | BackLit Keyboard | HDMI | USB C | Win10 / Win 11 Pro High Quality,"Rs. 99,000",,,No Ratings,Computer HUB,Dell
Lenovo V15 G2 IJL Intel Celeron N4500,"Rs. 99,000","Rs. 110,000",-10%,No Ratings,Thinex.lk,Lenovo
IdeaPad 1 15igL7 12th Gen Intel N4020 Laptop 4GB | 256NVME,"Rs. 99,500",,,No Ratings,Lapzotec PC,Lenovo
"Dell Latitude 5410 Laptop PC Intel Core i5-10210U 10th Gen Processor, 8GB Ram, 256GB NVMe SSD, Type C, HDMI, Webcam, Windows 10 Pro","Rs. 99,500","Rs. 140,000",-29%,No Ratings,Horizen Shopping,Dell
"REFURBISHED Dell Latitude 3410 10th GEN Slim Business model Laptop , Core i5 16GB RAM , 256 NVME 2 SSD HARD","Rs. 99,500","Rs. 139,500",-29%,No Ratings,iLAP LANKA (PVT) LTD,Dell
HP ProBook 640 G5 Notebook I5 8TH GEN 8GB RAM 256GB SSD LAPTOP,"Rs. 99,500",,,No Ratings,SUHADA COMPUTERS,HP
[REFURBISHED] Hp Zbook 17 G3 i7 6th Gen 16GB DDR4 Ram 256GB SSD and 500GB HDD AMD 4GB Graphic,"Rs. 99,500",,,Ratings 8,AcePro Trading Pvt Ltd,HP
Dell Latitude 5310 i7 V Pro 7th Gen Touch Screen Laptop,"Rs. 99,900",,,No Ratings,iPoint Lanka (Pvt)Ltd,Dell
Dell Latitude 7390 i7 8th Gen Touch Screen Laptop,"Rs. 99,900",,,No Ratings,iPoint Lanka (Pvt)Ltd,Dell
"LENOVO I5 6TH GEN - T560 ( 8GB RAM | 256GB SSD | 15.6"" Display )","Rs. 99,999","Rs. 120,000",-17%,No Ratings,CS CENTER 2.0,Lenovo
Dell Latitude 5400,"Rs. 100,000",,,Ratings 1,DR Technologies (Pvt) Ltd,Dell
Lenovo 15IGL05 IdeaPad 3,"Rs. 102,000",,,Ratings 6,Lenovo Sri Lanka,Lenovo
Hp Elitebook 840 G5,"Rs. 103,000",,,No Ratings,M.finity,HP
DELL- CORE I5 7TH GEN ¬± 8GB RAM -256GB NVME SSD Laptop,"Rs. 104,999","Rs. 130,000",-19%,No Ratings,CS CENTER 2.0,Dell
CORE I5 7TH GEN (T470) Laptop 8GB RAM,"Rs. 104,999","Rs. 130,000",-19%,No Ratings,CS CENTER 2.0,Unspecified
HP 15DS Core i5 10 Generation Laptop,"Rs. 105,000",,,No Ratings,AFS LAPTOP STORE,HP
Dell Latitude E7470 i7 8th Gen 8GB Ram 256GB NVMe Laptop,"Rs. 105,500",,,No Ratings,Computer HUB,Dell
HP Elitebook 840 G6/Core i5 8th Gen/16GB Ram/512GB SSD 14 inch Full Touch Display Laptop,"Rs. 108,500","Rs. 145,000",-25%,No Ratings,Sanva Electronics,HP
Dell | Latitude 5420 | i5 11th GEN | 8GB-DDR4 | 256GB NVME | UHD Graphics | 14.6 inch | Used,"Rs. 109,500",,,No Ratings,NEW WINTEC (PVT) LTD,Dell
"Dell Latitude 5510 , i5 10th Gen Laptop, 16GB Ram 256GB SSD 15.6inch Laptop","Rs. 109,500",,,No Ratings,AcePro Trading Pvt Ltd,Dell
Hp Zbook 17 G5 i5 8th gen 64GB RAM 512GB SSD 17inch workstation,"Rs. 109,500",,,Ratings 2,AcePro Trading Pvt Ltd,HP
(REFURBISHED) HP Probook 830 G5 Laptop I5 7th Gen 8GB DDR4 256GB SSD,"Rs. 109,950",,,No Ratings,Lap Circle,HP
Used HP Elitebook 840 G6 Core i7 ‚Äì 8th Gen Laptop FHD ‚Äì IPS 16GB RAM 512GB SSD,"Rs. 109,990",,,No Ratings,Trendz Hub,HP
"HP Elitebook 830 G5/G6 Intel Core i5 8th Gen, 8GB Ram with 256Gb NVMe","Rs. 109,999",,,No Ratings,Tech Yard,HP
Dell Latitude 7480 Core i5 6th Gen 8gb RAM 256gb SSD Brand New Slim Laptop,"Rs. 110,000",,,No Ratings,Lushan enterprices,Dell
[REFURBHISHED]HP Laptop 250G i7 5 Gen | 8GB DDR | HDD| 15.6 FHD Display - 4T085PA,"Rs. 110,000",,,No Ratings,oR1Cff8B,HP
[REFURBISHED] Lenovo ThinkPad T14 i5 10th Generation,"Rs. 111,573",,,No Ratings,AcePro Trading Pvt Ltd,Lenovo
Dell Latitude 5410 Laptop,"Rs. 112,000",,,No Ratings,M.finity,Dell
DELL Latitude 7480 ‚Äì 14‚Ä≥ HD | Intel¬Æ Core‚Ñ¢ i5 7th Gen | 16GB DDR4 RAM | 256GB m.2 SSD | BackLit Keyboard | HDMI | USB C | Win10 Pro,"Rs. 112,500",,,No Ratings,PandaeKade,Dell
HP 15s-DU1114TU Laptop (hp NoteBook) JET BLACK MS Office Home & Student/WIN10/2Years/hp Warranty,"Rs. 135,000",,,Ratings 18,CELLX (PVT) LTD,HP
Dell Latitude 5400 i7 8th Gen 8GB/16GB 256GB SSD Laptop,"Rs. 113,300",,,Ratings 2,AcePro Trading Pvt Ltd,Dell
Hp EliteBook 840 G6 i7 8th Gen 16GB 512GB SSD 14INCH LAPTOP,"Rs. 113,500",,,No Ratings,AcePro Trading Pvt Ltd,HP
DELL I5 8TH GEN - E -5490 | 256GB ¬± 8GB RAM Laptop,"Rs. 113,999","Rs. 140,000",-19%,No Ratings,CS CENTER 2.0,Dell
Acer Aspire 3 laptop,"Rs. 114,900",,,No Ratings,Lenovo by Forttune,Acer
[REFURBISHED] MacBook Pro Retina i7 laptop,"Rs. 115,000",,,No Ratings,AcePro Trading Pvt Ltd,Apple
DELL Latitude 7480 ‚Äì 14‚Ä≥ HD | Intel¬Æ Core‚Ñ¢ i5 8th Gen | 16GB DDR4 RAM | 256GB m.2 SSD | BackLit Keyboard | HDMI | USB C | Win10 Pro High Quality Laptop,"Rs. 115,000",,,No Ratings,PandaeKade,Dell
DELL 5570 ‚Äì 14‚Ä≥ Inch HD | i7 6th Gen | 8GB DDR4 RAM | 256GB NVMe | 2GB VGA,"Rs. 115,000",,,No Ratings,E - Zone Technologies (Pvt) Ltd,Dell
"[REFURBISHED] Lenovo Thinkpad X1 Carbon , Core i7 8th Gen 16GB Ram , 512GB SSD 14inch Ultrabook (weight 1Kg)","Rs. 115,000",,,Ratings 4,AcePro Trading Pvt Ltd,Lenovo
Dell Latitude 7480 Core i5 7th Gen 8gb RAM 256gb SSD Brand New Slim Laptop,"Rs. 115,500","Rs. 118,500",-3%,Ratings 3,Lushan enterprices,Dell
Ayme Intel 5095 16/512GB Laptop,"Rs. 118,000",,,No Ratings,Vtech.lk,Unspecified
"HP 15s Laptop DU1114TU ( Intel Celeron N4020) - 8GB RAM | 15.6"" HD | 256GB SSD | Win 10 Home","Rs. 118,800",,,No Ratings,LAPTOPSTORE.LK,HP
Dell Latitude 7400 i5 8th Gen,"Rs. 118,900",,,No Ratings,iPoint Lanka (Pvt)Ltd,Dell
CORE I5 8TH GEN ¬±16GB RAM ¬± 256GB NVME SSD - DELL 3400 Laptop,"Rs. 118,999","Rs. 145,000",-18%,No Ratings,CS CENTER 2.0,Dell
Asus Vivobook Flip 12 TP203,"Rs. 119,000","Rs. 120,000",-0.8%,No Ratings,Geek's world,Asus
"Hp Zbook 15 G5, i7 8th generation 16GB Ram 512GB with Nvidia P2000 4GB Graphics","Rs. 135,900",,,Ratings 9,AcePro Trading Pvt Ltd,HP
"[REFURBISHED] Hp Elitebook 840 G8 , i7 11th Gen Laptop, 16GB Ram 512GB SSD 14inch Laptop","Rs. 119,500",,,No Ratings,AcePro Trading Pvt Ltd,HP
"[REFURBISHED] Hp Elitebook 840 G7 , i7 10th Gen Laptop, 16GB Ram 512GB SSD 14inch Laptop","Rs. 119,500",,,Ratings 4,AcePro Trading Pvt Ltd,HP
"I7 6TH GEN ¬± AMD R7 VGA - 256GB M.2 SSD -15.6"" Screen (HP-850 G3) Laptop","Rs. 119,999","Rs. 143,000",-16%,No Ratings,CS CENTER 2.0,HP
"[REFURBISHED] HP EliteBook 850 G5 , i5 8th Gen 15 inch Laptop","Rs. 121,500",,,Ratings 1,AcePro Trading Pvt Ltd,HP
HP Elitebook 840 G6/ Corei5 8th Gen/ 8GB RAM 256GB SSD 14‚Äù Laptop,"Rs. 122,000",,,No Ratings,SIGNIFIC INTERNATIONAL PVT LTD,HP
Blackview AceBook 8 15.6‚Ä≥ 16GB RAM 512GB SSD,"Rs. 124,500",,,No Ratings,Epic Mobiles Private Limited,Unspecified
DELL | I5 8TH GEN ¬± 8GB RAM- 256GB NVME SSD Laptop (DELL Latitude 7490),"Rs. 124,999","Rs. 155,000",-19%,No Ratings,CS CENTER 2.0,Dell
LENOVO I7 10TH GEN,"Rs. 125,000",,,No Ratings,MATRIX SALUTATIONS,Lenovo
Dell Vostro 3520,"Rs. 125,000",,,No Ratings,Online Store-MDC,Dell
DELL LATITUDE 5480 CORE I5 7TH GEN 16GB RAM / 256GB SSD HIGH QUALITY LAPTOP,"Rs. 125,000",,,No Ratings,Lushan enterprices,Dell
Core i5 6th Gen 8GB Ram 256GB SDD Laptop 5480 Latitude,"Rs. 125,500",,,No Ratings,Dealz_LK,Dell
Hp Elitebook 840 G4 Touch Screen,"Rs. 125,500",,,No Ratings,Timestech.lk,HP
"Dell Latitude 5480 , Core i5 6th Gen 16GB Ram , 256GB SSD 14inch Laptop","Rs. 125,600",,,No Ratings,Dealz_LK,Dell
Dell Latitude 5310 i7 10th Gen,"Rs. 126,999",,,No Ratings,iPoint Lanka (Pvt)Ltd,Dell
Dell XPS 13 9370 i7 8th Gen 8GB Ram 256GB SSD,"Rs. 127,500",,,No Ratings,AcePro Trading Pvt Ltd,Dell
"Dell Latitude 3310 2-in-1 Laptop, 14-inch FHD (1920 x 1080) Touchscreen, Intel Core i5-8th Gen, 8GB RAM, 256GB Class 35 SSD, Windows 11 Pro- Titan Gray","Rs. 128,500","Rs. 132,500",-3%,No Ratings,Dealz_LK,Dell
HP EliteBook 840 G3 ‚Äì 14‚Ä≥ i5 6th Gen 8GB Ram 256GB m.2 SSD BackLit Keyboard USB C Port Win10 Pro,"Rs. 129,000",,,No Ratings,TamilTimes Online shop,HP
Hp Elitebook 840 G7 i7 10th Gen 32GB DDR4 512GB SSD 14inch Laptop,"Rs. 130,000",,,No Ratings,RIGHT -WAY,HP
Dell Latitude 5420 Laptop 14 - Intel Core i5 11th Gen - i5-1145G7 - Quad Core 4.4Ghz - 256GB SSD - 16GB RAM,"Rs. 132,000",,,No Ratings,RIGHT -WAY,Dell
Hp Elitebook 840 G7 i7 10th Gen 32GB DDR4 512GB SSD 14inch Laptop,"Rs. 144,500",,,No Ratings,UB18 Computers Pvt Ltd,HP
DELL Latitude 5410 ‚Äì 14‚Ä≥ HD | Intel¬Æ Core‚Ñ¢ i5 10th Gen | 16GB DDR4 RAM | 256GB m.2 SSD | BackLit Keyboard | HDMI | USB C | Win11 Pro High Quality,"Rs. 134,500","Rs. 152,500",-12%,No Ratings,Dealz_LK,Dell
HP 15-FC0238AU 15.6‚Ä≥ AMD Athlon Silver 7120U 8GB RAM 512GB Laptop,"Rs. 134,990",,,No Ratings,Epic Mobiles Private Limited,HP
HP - I5 8TH GEN ELITEBOOK 256GB M.2 ¬± 8GB RAM Laptop ( HP 840 G6),"Rs. 134,999","Rs. 165,000",-18%,No Ratings,CS CENTER 2.0,HP
"DELL 5500 | i5 8TH GEN ¬± 8GB RAM -256GB NVME SSD -15.6"" Display Laptop","Rs. 134,999","Rs. 165,000",-18%,No Ratings,CS CENTER 2.0,Dell
LAPTOP INTEL CORE I7,"Rs. 135,000",,,No Ratings,Maghnum.lk,Unspecified
HP ELITEBOOK 840 G5 | Core i5 8th Gen | 16GB DDR4 RAM | 512GB NVME SSD | Touch Screen | High Quality Laptop,"Rs. 135,000",,,No Ratings,Dealz_LK,HP
"Dell Latitude 5490 , Core i5 8th Gen 16GB Ram , 256GB SSD 14inch Laptop","Rs. 135,000",,,Ratings 1,Dealz_LK,Dell
DELL Latitude 5410 ‚Äì 14‚Ä≥ HD | Intel¬Æ Core‚Ñ¢ i5 10th Gen | 8GB DDR4 RAM | 256GB m.2 SSD | BackLit Keyboard | HDMI | USB C | Win11 Pro High Quality,"Rs. 135,500","Rs. 152,500",-11%,No Ratings,Dealz_LK,Dell
DELL LATITUDE 7490 CORE I5 8TH GEN 8GB RAM 256GB SSD 14 INCH HIGH QUALITY LAPTOP,"Rs. 135,500",,,No Ratings,Cyber Power LK 1637406306,Dell
"Dell Inspiron 3502 - Pentium Silver, 4GB RAM","Rs. 137,000",,,No Ratings,Dayarathna Technologies,Dell
"Dell Inspiron 3502 - Pentium Silver, 4GB Ram, 1TB Hdd (Black) / Lap Top","Rs. 137,412",,,No Ratings,Dayarathna Technologies,Dell
HP ProBook 430 G7 ‚Äì i5 10th 8/256 13‚Ä≥ Touch (Re-new),"Rs. 151,000",,,No Ratings,IT Circle,HP
HP 15S - GR515AU laptop 15.6 Inches HD Display ( AMD Athlon 3050U ) 4GB DDR4 1TB HDD -FREE MS OFFIC and Win 10 Home 2YEARS AGENT WARRANTY,"Rs. 137,599",,,No Ratings,CELLX (PVT) LTD,HP
"Dell Inspiron Laptop 3510 - Pentium Silver, 4GB RAM, 1TB HDD,15.6'' Display, Windows10 Home,1 Year Agent Warranty (Black)","Rs. 137,999",,,Ratings 8,CELLX (PVT) LTD,Dell
HP 15-FD0333NIA i3 13TH GEN 4GB RAM 256GB NVME,"Rs. 138,000",,,No Ratings,AXITA Computers (Pvt) Ltd,HP
Asus Vivobook Laptop E1404G,"Rs. 138,000",,,No Ratings,E - Zone Technologies (Pvt) Ltd,Asus
HP EliteBook 840 G6 (NEW LOGO i7 / 16 GB RAM ),"Rs. 139,000",,,No Ratings,OneMart_Technologies,HP
Lenovo ThinkPad T14 i7 11th Gen 16GB 512GB SSD Laptop,"Rs. 139,500",,,No Ratings,UB18 Computers Pvt Ltd,Lenovo
DELL LATITUDE 5400 CORE I5 8TH GEN 8GB RAM / 256GB SSD HIGH QUALITY LAPTOP,"Rs. 139,500","Rs. 148,500",-6%,No Ratings,Lushan enterprices,Dell
Asus Vivobook E1404G Core i3 N305 13th Gen,"Rs. 141,000","Rs. 150,000",-6%,No Ratings,Thinex.lk,Asus
HP Laptop 15-fc0266AU AMD Ryzen‚Ñ¢ 3 7320U,"Rs. 141,249",,,No Ratings,Lenovo by Forttune,HP
" Hp Elitebook 840 G8 , i7 11th Gen , 16GB Ram 512GB SSD 14inch Laptop","Rs. 143,750","Rs. 150,000",-4%,No Ratings,UB18 Computers Pvt Ltd,HP
HP AMD Athlon Silver 7120U / 8GB / 512GB / 15.6'' FHD / WIN 11/ INTEL UHD/ 2 Years/ Backpack,"Rs. 143,900","Rs. 159,900",-10%,No Ratings,Tokyo City Center,HP
[REFURBISHED] Lenovo ThinkPad T14 i7 11th Generation Laptop,"Rs. 149,500",,,No Ratings,AcePro Trading Pvt Ltd,Lenovo
[REFURBISHED] Lenovo ThinkPad T14 i7 11th Generation Laptop,"Rs. 144,525",,,Ratings 7,AcePro Trading Pvt Ltd,Lenovo
Samsung Laptop - Samsung Galaxy Ion Laptop - 13.3 QLED Display 256GB SSD,"Rs. 145,000","Rs. 195,000",-26%,No Ratings,Singha Mobiles,Unspecified
Dell Latitude 5410 Core i5 10th gen 16GB-RAM / 256GB-SSD Premium Business-Class Laptop,"Rs. 145,000",,,No Ratings,INOFIX SOLUTIONS,Dell
DELL LATITUDE 5490 CORE I5 16TH GEN 8GB RAM / 256GB SSD HIGH QUALITY LAPTOP,"Rs. 145,000",,,No Ratings,Lushan enterprices,Dell
HP ELITEBOOK 840 G5 | Core i5 8th Gen | 8GB DDR4 RAM | 256GB SSD,"Rs. 145,000",,,No Ratings,Dealz_LK,HP
"Dell Latitude 5490 , Core i5 8th Gen 16GB Ram , 256GB SSD 14inch Laptop","Rs. 145,000",,,No Ratings,Sanva Electronics,Dell
HP Elitebook 840 G3,"Rs. 145,000",,,Ratings 4,Cyber Power LK 1637406306,HP
Dell Vostro 3520 i3 12th Gen Laptop,"Rs. 148,000","Rs. 165,000",-10%,No Ratings,Elinext Plaza,Dell
DELL VOSTRO 3520 12 GEN CORE I3,"Rs. 149,000",,,No Ratings,UNISYSCOMPUTERSYSTEM,Dell
ASUS EXpert Book B1502CB,"Rs. 149,500",,,No Ratings,E - Zone Technologies (Pvt) Ltd,Asus
" Hp Elitebook 840 G8 , i7 11th Gen , 16GB Ram 512GB SSD 14inch Laptop","Rs. 150,000",,,No Ratings,AcePro Trading Pvt Ltd,HP
DELL VOSTRO 3520 I3 12 GEN 8GB RAM 512 GB SSD,"Rs. 150,000",,,No Ratings,Buye.lk,Dell
HP 15 FD0043NQ Core i3 1315U 13th Gen,"Rs. 150,000","Rs. 170,000",-12%,No Ratings,Thinex.lk,HP
Dell Vostro 3520 Core i3 12th Gen,"Rs. 150,000","Rs. 170,000",-12%,No Ratings,Thinex.lk,Dell
HP LAPTOP 250 G10 13 GEN I3,"Rs. 150,000",,,No Ratings,Buye.lk,HP
"HP 250 G9 Intel Core i3 1215U/8GB/512GB/DOS/1 YR WARRANTY/15""","Rs. 150,000",,,No Ratings,Winsoft,HP
"Lenovo IdeaPad 3 15IAU7 Core i3 1215U/4GB/256/DOS/1 YR WARRANTY/15""","Rs. 150,000",,,No Ratings,Winsoft,Lenovo
HP 15S FD0042NQ Core i3 1315U 13th Gen,"Rs. 152,000","Rs. 165,000",-8%,No Ratings,Thinex.lk,HP
"Dell Latitude E7480 , Core i5 8th Gen 8GB Ram , 256GB SSD 14inch Laptop","Rs. 152,000",,,No Ratings,Dealz_LK,Dell
ASUS VIVOBOOK A1504V,"Rs. 152,500",,,No Ratings,Laptopstore.lk,Asus
DELL VOSTRO 3520 i3 12TH GEN 15.6‚Ä≥FHD LAPTOP,"Rs. 152,900",,,No Ratings,SUHADA COMPUTER CENTER 1639471481,Dell
"Dell Latitude 5480 , Core i5 6th Gen 16GB Ram , 256GB SSD 14inch Laptop","Rs. 154,000",,,No Ratings,Sanva Electronics,Dell
ASUS VIVOBOOK A1504V - i3 13 Gen | 512 GB SSD | 8GB DDR 4,"Rs. 155,000",,,No Ratings,KTS TECHNOLOGIES,Asus
Asus Vivobook X1502ZA Core i3 1220P,"Rs. 155,000","Rs. 165,000",-6%,No Ratings,Thinex.lk,Asus
ASUS VIVOBOOK A1504V 13 GEN CORE I3 8GB RAM 512 GB SSD,"Rs. 155,000",,,No Ratings,UNISYSCOMPUTERSYSTEM,Asus
Lenovo ThinkPad P53 i7-9850H (9th Gen) 32GB Ram 512GB SSD Quadro T1000 Graphic Card,"Rs. 178,750",,,No Ratings,AcePro Trading Pvt Ltd,Lenovo
Core i5 6th Gen 16GB Ram 256GB SDD Laptop 5480 Latitude,"Rs. 156,000",,,No Ratings,Dealz_LK,Dell
Asus VIVOBOOK A1504VA Core i3 1315U 13th Gen,"Rs. 158,500","Rs. 170,000",-7%,No Ratings,Thinex.lk,Asus
Asus ExpertBook B1502 (Core i3 12th Gen),"Rs. 158,500","Rs. 180,000",-12%,No Ratings,Thinex.lk,Asus
Dell Pricision 3551 i7 10th Gen 16GB DDR4 512GB SSD Nvidia P620 4GB Graphic 15.6 workstation Laptop,"Rs. 158,700",,,No Ratings,UB18 Computers Pvt Ltd,Dell
intel core i5 Laptop,"Rs. 160,000","Rs. 175,000",-9%,No Ratings,Vtech.lk,Unspecified
Dell Vostro 3520 i3 12th Gen 15.6‚Äù FHD Laptop,"Rs. 163,900",,,No Ratings,A1Future Zone,Dell
Dell Latitude 5510 Core i5 10th gen 8GB-RAM / 256GB-SSD Premium Business-Class Laptop,"Rs. 164,500",,,No Ratings,INOFIX SOLUTIONS,Dell
Asus Vivobook X1404ZA Core i3 1215U 12th Gen,"Rs. 165,000","Rs. 180,000",-8%,No Ratings,Thinex.lk,Asus
Dell Latitude 5420 Core i5 11th Gen Laptop,"Rs. 165,000",,,No Ratings,Zigzag Techie,Dell
Apple MacBook Pro 15inch i7 16GB RAM 500GB SSD touchbar,"Rs. 165,500",,,Ratings 17,AcePro Trading Pvt Ltd,Apple
HP 15 EQ2023NQ AMD Ryzen 5 5500U,"Rs. 167,000","Rs. 180,000",-7%,No Ratings,Thinex.lk,HP
ASUS Vivobook 15 x1502ZA i3-1215U | 4GB | 512NVMe | DOS,"Rs. 169,000","Rs. 180,000",-6%,No Ratings,NEXTECH,Asus
ASUS P1412CE i3 11th Gen 4GB 1TB,"Rs. 169,000",,,No Ratings,E - Zone Technologies (Pvt) Ltd,Asus
HP PRO BOOK 245 Laptop,"Rs. 169,000",,,No Ratings,SUHADA COMPUTER CENTER 1639471481,HP
"Asus ROG Strix Hero Edition Gaming Laptop, 15.6‚Äù IPS-Type Full HD, Intel Core i7-7700HQ Processor, GeForce GTX 1060 6GB, 16GB DDR4, 256GB M.2 SSD RGB, Windows 10 Home","Rs. 169,900","Rs. 210,000",-19%,No Ratings,Dealz_LK,Asus
"ASUS Vivobook 15, X1504VA-NJ3856WS, 13th Gen i3, 8GB RAM, 512GB SSD, Cool Silver","Rs. 169,999",,,No Ratings,SINGER SHOWROOM AGALAWATTA,Asus
I7 8TH GEN ¬± 2GB NVIDIA VGA ¬± 16GB RAM- 256GB NVME SSD Laptop ( HP PROBOOK 450),"Rs. 169,999","Rs. 200,000",-15%,No Ratings,CS CENTER 2.0,HP
Asus Vivobook E1504FA AMD Ryzen 5 7520U,"Rs. 170,000","Rs. 190,000",-11%,No Ratings,Thinex.lk,Asus
LENOVO IDEAPAD SLIM 3 15IRU8/ I3 13TH LAPTOP,"Rs. 170,500",,,No Ratings,SUHADA COMPUTER CENTER 1639471481,Lenovo
HP PRO BOOK 245 G8 RYZEN 3 Brand New Laptop,"Rs. 171,350",,,No Ratings,SUHADA COMPUTERS,HP
"ACER ASPIRE A15-59P INTEL CORE 3 100U | INTEL GRAPHICS | 8GB DDR5 | 512GB GEN 4 M.2 NVME SSD | 15.6"" INCH FHD DISPLAY | WINDOWS 11 HOME-GRAY","Rs. 174,000",,,No Ratings,Games Street,Acer
"KUU YEPBOOK 15.6'' Laptop 19.8mm Ultra Thin, Intel N5095 4 Cores 2.0GHz, 16GB DDR4 512GB SSD, 1920x1080 16:9 FHD Screen, Fingerprint Unlock, 2.4/5GHz Dual Wi-Fi BT4.2 HD Camera, USB3.0x2 HDMI Micro SD Audio, Backlit Keyboard, Windows 11 Pro - EU Plug","Rs. 175,294","Rs. 236,646",-26%,No Ratings,ZZHI,Unspecified
ASUS VIVOBOOK X1504V i5 13 Gen,"Rs. 176,500",,,No Ratings,KTS TECHNOLOGIES,Asus
Asus Vivobook 15 X513EP,"Rs. 177,000",,,No Ratings,LapTech,Asus
Acer Aspire 3 Spin 14 Core i3 N305 13th Gen,"Rs. 177,000","Rs. 190,000",-7%,No Ratings,Thinex.lk,Acer
Lenovo IdeaPad Slim 3 | i5 Laptop Computer,"Rs. 177,000",,,No Ratings,Sell-X Computers & Electronics,Lenovo
"Dell Latitude 5480 , Core i5 6th Gen 16GB Ram , 256GB SSD 14inch Laptop","Rs. 177,000",,,Ratings 5,Sanva Electronics,Dell
Asus laptop x515j intel cor i3 10th ge 4gb 512gb ssd win 11,"Rs. 178,500",,,No Ratings,LAPTOPSTORE.LK,Asus
ASUS Vivobook Go 15 E1504GAB i3-N305 | 8GB | 512GB | Win 11,"Rs. 178,700","Rs. 195,000",-8%,No Ratings,NEXTECH,Asus
Lenovo ideapad Slim 3 Core i5 12450H ( H Proc ),"Rs. 179,000","Rs. 195,000",-8%,No Ratings,Thinex.lk,Lenovo
LENOVO IDEAOAD V15 G4 LAP,"Rs. 179,000",,,Ratings 1,Buye.lk,Lenovo
LENOVO ideapad slim 3 15IRH 8,"Rs. 179,500",,,No Ratings,E - Zone Technologies (Pvt) Ltd,Lenovo
DELL VOSTRO 3520 CORE i5 12th GEN BRAND NEW LAPTOP,"Rs. 179,900","Rs. 195,000",-8%,No Ratings,Elinext Plaza,Dell
"VAIO - FE14 Laptop | Intel Core i5-10210U | 14.1"" FHD Screen | 8GB DDR4 2400MHz | 512GB SSD | Intel UHD Graphics | Windows 10 Home/Pro","Rs. 179,999",,,No Ratings,CELLX (PVT) LTD,Unspecified
Asus Vivobook Go14 ( brand new condition ),"Rs. 180,000","Rs. 250,000",-28%,No Ratings,monro fashion,Asus
Microsoft Surface Laptop,"Rs. 180,000",,,No Ratings,ZR Store,Unspecified
Asus VIVOBOOK A1504V,"Rs. 182,000",,,No Ratings,Digital Care,Asus
"LENOVO X1 YOGA I7-16GB, 512gb Nvme SSD LAPTOP","Rs. 182,850",,,No Ratings,SUHADA COMPUTERS,Lenovo
"MSI Modern 15 F13MG - 13th Gen Intel Core i3, 8GB RAM, 512GB SSD, Intel Graphics (Gray)","Rs. 184,500",,,No Ratings,SAP Computers,MSI
HP Elitebook 840 G3/Core i5 6th Gen/8GB Ram/256GB SSD 14.6 inch Laptop,"Rs. 184,500",,,No Ratings,Sanva Electronics,HP
LENOVO V15 G4 LAPTOP INTEL CORE 5 8GB RAM 512 GB SSD,"Rs. 185,000",,,No Ratings,Buye.lk,Lenovo
Asus Vivobook X1504ZA Core i5 1235U 12th Gen,"Rs. 185,000","Rs. 195,000",-5%,No Ratings,Thinex.lk,Asus
Satellite Pro C40-H,"Rs. 185,000",,,No Ratings,Dayarathna Technologies,Unspecified
ASUS VIVOBOOK 15 X1504VAP-NJ3850W INTEL CORE 3 14TH GEN 15.6‚Ä≥INCH FHD LAPTOP WITH BAG,"Rs. 185,777",,,No Ratings,SUHADA COMPUTER CENTER 1639471481,Asus
HP 15S FQ5004NIA I3 12TH Laptop,"Rs. 185,900",,,No Ratings,techroof computer,HP
Dell Vostro 3510 Core I3 Laptop 4Gb 1Tb Dos,"Rs. 185,900",,,No Ratings,SUHADA COMPUTER CENTER 1639471481,Dell
Lenovo V15 G4 IRU i3 13th Gen Business Series Laptop with Free Lenovo LP40 Pro Earbuds and Backpack,"Rs. 186,950",,,No Ratings,Thinex.lk,Lenovo
DELL VOSTRO CORE I5 12 GEN,"Rs. 187,000",,,No Ratings,UNISYSCOMPUTERSYSTEM,Dell
Acer Aspire A15-51P-39HQ laptop,"Rs. 187,000",,,No Ratings,Lenovo by Forttune,Acer
HP Laptop 15-fd0487TU-i3 1315U/8GB/512SSD/15.6‚Ä≤ FHD/INTEL IRIS/Win11H/NSV/3Y/Backpack,"Rs. 187,900","Rs. 199,900",-6%,No Ratings,Tokyo City Center,HP
Lenovo V15 G4 IRU Core i5 13420H 13th Gen,"Rs. 188,000","Rs. 199,000",-6%,No Ratings,Thinex.lk,Lenovo
ASUS Vivobook 15 X1504VA i3-1315U | 8GB | 512GB | Win 11,"Rs. 188,000","Rs. 200,000",-6%,No Ratings,NEXTECH,Asus
Asus ExpertBook B1502CB ‚Äì i5,"Rs. 188,500",,,No Ratings,ASUS,Asus
HP Star Book15 laptop i7,"Rs. 189,000","Rs. 244,000",-23%,No Ratings,ABtronics,HP
ASUS ExpertBook L1500 Ryzen 3 3250U - 4GB - 256GB - AMD Radeon Graphics,"Rs. 189,000","Rs. 200,000",-6%,No Ratings,NEXTECH,Asus
HP 250 G8 i3 Notebook Laptop,"Rs. 189,000",,,No Ratings,SUHADA COMPUTER CENTER 1639471481,HP
HP Laptop 15-fd0487TU-i3 1315U/8GB/512SSD/15.6‚Ä≤ FHD/INTEL IRIS/Win11H/NSV/3Y/Backpack,"Rs. 189,900","Rs. 215,900",-12%,No Ratings,Nagoya Trade Center,HP
HP i7 8TH GEN ¬± TOUCH | 16GB RAM - 256GB SSD Laptop ( HP ELITEBOOK 850 G6 ),"Rs. 189,999","Rs. 250,000",-24%,No Ratings,CS CENTER 2.0,HP
DELL INSPIRON 3520 I5 12TH GEN,"Rs. 190,000","Rs. 211,000",-10%,No Ratings,Elinext Plaza,Dell
DELL INSPIRON 3511 I3-1115G4 4GB 256GB WIN 10,"Rs. 190,000","Rs. 200,000",-5%,No Ratings,NEXTECH,Dell
Lenovo Ideapad 3,"Rs. 190,000",,,No Ratings,Techtrove,Lenovo
Asus As-D-X513E-1631/I3-11Th/4Gb/512Ssd Laptop,"Rs. 190,900",,,No Ratings,SUHADA COMPUTER CENTER 1639471481,Asus
HP LAPTOP 250 G10 13 GEN INTEL CORE I5 16GB RAM 512GB SSD,"Rs. 193,000",,,No Ratings,Buye.lk,HP
Dell Vostro 3510 Core i3 11th Gen 4GB Ram 256GB Nvme Laptop,"Rs. 193,500",,,No Ratings,E - Zone Technologies (Pvt) Ltd,Dell
ASUS A1504V VIVOBOOK INTEL CORE I5 13 GEN 8GB RAM 512 GB SSD,"Rs. 195,000",,,No Ratings,Buye.lk,Asus
ASUS Vivobook Intel Core i5 13th Generation X1605VA,"Rs. 195,000",,,No Ratings,Inspire LK,Asus
MSI Modern 15 i5 Laptop,"Rs. 195,000",,,No Ratings,Sell-X Computers & Electronics,MSI
Asus ExpertBook B1502CBA Core i5 1235U 12th Gen,"Rs. 195,000","Rs. 215,000",-9%,No Ratings,Thinex.lk,Asus
Asus Vivobook X1504VA Core i5 1335U 13th Gen,"Rs. 195,000","Rs. 210,000",-7%,No Ratings,Thinex.lk,Asus
Dell Vostro 3520 Core i5 12th Gen,"Rs. 195,000","Rs. 215,000",-9%,No Ratings,Thinex.lk,Dell
ASUS X1504V I5 13 GEN 8GB RAM 512GB SSD LAPTOP,"Rs. 195,000",,,No Ratings,UNISYSCOMPUTERSYSTEM,Asus
Dell Inspiron 15 3501 i7 11th Generation Laptop Computer,"Rs. 195,000",,,No Ratings,CyberLink Tech Store,Dell
HP 15s fq5786tu Intel Core i3 12th Gen 512 NVMe M.2 Laptop,"Rs. 195,000",,,Ratings 1,Elinext Plaza,HP
HP LAPTOP 250 G10 CORE I5 13 GEN,"Rs. 196,000",,,No Ratings,UNISYSCOMPUTERSYSTEM,HP
ASUS VIVOBOOK X1504VA,"Rs. 197,500",,,No Ratings,Laptopstore.lk,Asus
MacBook Pro and Air M3 8GB 256GB SSD (Refurbished),"Rs. 198,500",,,No Ratings,AcePro Trading Pvt Ltd,Apple
Asus Vivobook Laptop,"Rs. 199,000",,,No Ratings,E - Zone Technologies (Pvt) Ltd,Asus
HP 250 G10 I5 13 GEN 8GB RAM 512 GB SSD,"Rs. 199,000",,,Ratings 1,Buye.lk,HP
Dell Vostro 3500 Brand New Laptop,"Rs. 199,870",,,No Ratings,SUHADA COMPUTER CENTER 1639471481,Dell
MSI MODERN 15F13MG 13 GEN CORE i5 16GB RAM 512 GB SSD,"Rs. 200,000",,,No Ratings,Buye.lk,MSI
LENOVO IDEAPAD 3 15IAU7 i5 12 gen,"Rs. 200,000",,,No Ratings,Buye.lk,Lenovo
DERE T60 2-in-1 tablet 12G+1T HD - 01-eu,"Rs. 207,982","Rs. 268,376",-23%,No Ratings,Fengshi,Unspecified
CENAVA F158G Laptop Intel Celeron J4125 15.6 Inch 1920 x 1080 IPS Screen Intel UHD Graphics 600 Windows 10 8GB DDR4 128GB SSD Full Size Backlit Keyboard English Version - Silver,"Rs. 201,637","Rs. 272,209",-26%,No Ratings,Nerys,Unspecified
ASUS VIVOBOOK 15 X1504V,"Rs. 202,060",,,No Ratings,Digital Care,Asus
Asus ExpertBook B1 B1502CVA i5-1335U | 8GB | 512GB | DOS,"Rs. 205,000","Rs. 225,000",-9%,No Ratings,NEXTECH,Asus
Dell Inspiron 3511 Intel Core i3 11th Gen 4GB Ram 256 Nvme,"Rs. 205,000",,,No Ratings,E - Zone Technologies (Pvt) Ltd,Dell
Dell Vostro 3500 Brand New Laptop,"Rs. 208,550",,,No Ratings,SUHADA COMPUTER CENTER 1639471481,Dell
Acer Aspire 15 A15-51P Core 3-100U | 8GB | 512GB | WIN 11,"Rs. 210,000","Rs. 230,000",-9%,No Ratings,NEXTECH,Acer
HP 250 G10 Core i5 1335U 13th Gen,"Rs. 210,000","Rs. 225,000",-7%,No Ratings,Thinex.lk,HP
Laptop DELL Core i3 11th Gen/256GB NVMe/4GB DDR 4 RAM,"Rs. 210,000",,,No Ratings,C PLUS COMPUTERS,Dell
"Dell 3511-I3 4Gb 256Gb SSD-15.6"" Hd Led-Win10-Office Laptop","Rs. 210,450",,,No Ratings,SUHADA COMPUTERS,Dell
CENAVA F158G Laptop Intel Celeron J4125 15.6 Inch 1920 x 1080 IPS Screen Intel UHD Graphics 600 Windows 10 8GB DDR4 256GB SSD Full Size Backlit Keyboard English Version - Silver,"Rs. 212,580","Rs. 286,982",-26%,No Ratings,Nerys,Unspecified
"T-BAO X11 Laptop AMD R5 3550U Processor Windows10, 14.1 Inch, 8GB RAM 256GB 1920*1080 Resolution, Grey","Rs. 212,997","Rs. 287,545",-26%,No Ratings,Fengshi,Unspecified
LENOVO V15 G4 IRU i5 13TH GEN|16GB|512GB SSD|WIN 11 PRO|15.6‚Ä≥ FHD LAPTOP,"Rs. 214,500",,,No Ratings,SUHADA COMPUTER CENTER 1639471481,Lenovo
HP 15-FD0504TU 15.6‚Ä≥ 13th Gen Core i5-1334U 8GB RAM 512GB Laptop,"Rs. 215,990",,,No Ratings,Epic Mobiles Private Limited,HP
MSI Modern 14 C12M 14‚Ä≥ IPS Core I3 Laptop,"Rs. 216,000",,,No Ratings,Winsoft,MSI
"Lenovo IdeaPad Gaming 3 15ACH6 15.6"" 120Hz Gaming Laptop, AMD Ryzen 32GB Ram 1TB NVME SSD Nvidia RTX 3060 6GB Dedicated Vram (refurbished)","Rs. 216,500",,,Ratings 1,AcePro Trading Pvt Ltd,Lenovo
DELL Inspiron 15 Series Laptop - i7 11th Generation 2021 Manufactured,"Rs. 219,000",,,No Ratings,CyberLink Tech Store,Dell
Asus As-D-X513Ea -1632 I3 11 Gen 512Gb 4Gb Laptop,"Rs. 219,000",,,No Ratings,SUHADA COMPUTER CENTER 1639471481,Asus
HP Laptop 15-fd0504TU ‚Äì i5-1334U/8GB/512SSD/15.6‚Ä≤ FHD/INTEL IRIS/Win11H/NSV/3Y/Backpack,"Rs. 221,900","Rs. 238,900",-7%,No Ratings,Tokyo City Center,HP
LENOVO IDEAPAD SLIM 3 15IRH8 15 13th GEN 13420H Laptop,"Rs. 222,880",,,No Ratings,SUHADA COMPUTER CENTER 1639471481,Lenovo
MSI Modern 14 B11MOU Laptop I3 11th Gen,"Rs. 223,000",,,No Ratings,SUHADA COMPUTERS,MSI
Lenovo IdeaPad Slim 3 15IRUB/ Intel Core i3 - 1305U 8GB Ram 512GB SSD,"Rs. 223,500",,,No Ratings,Lenovo by Forttune,Lenovo
HP Laptop 15-fd0504TU ‚Äì i5-1334U/8GB/512SSD/15.6‚Ä≤ FHD/INTEL IRIS/Win11H/NSV/3Y/Backpack,"Rs. 223,900","Rs. 239,900",-7%,No Ratings,Nagoya Trade Center,HP
"T-BAO X11 Laptop AMD R5 3550U Processor Windows10, 14.1 Inch, 8GB RAM 512GB 1920*1080 Resolution, Grey","Rs. 224,940","Rs. 303,669",-26%,No Ratings,Nerys,Unspecified
"HP 15s-fq2786TU Pentium Gold 7505 256GB SSD 8GB RAM 15.6"" HD Laptop","Rs. 224,999",,,Ratings 1,CELLX (PVT) LTD,HP
ASUS X1504V VIVOBOOK INTEL CORE i7 13 GEN 8GB RAM 512 GB SSD,"Rs. 225,000",,,No Ratings,Buye.lk,Asus
Asus Vivobook X1502ZA Core i7 12700H ( H Proc ),"Rs. 225,000","Rs. 235,000",-4%,No Ratings,Thinex.lk,Asus
Asus ExpertBook B1502CVA (Core i5 1335U 13th Gen),"Rs. 225,000","Rs. 230,000",-2%,No Ratings,Thinex.lk,Asus
HP laptop 15 fd0020nx intel i5 13th Generation brand new laptop,"Rs. 225,000",,,No Ratings,Elinext Plaza,HP
"Zbook Studio G5 15.6"" FHD 1080P Mobile Workstation/Gaming Laptop (Six-Core i7-8850H, 32GB DDR4 RAM, 512GB Nvme M.2 SSD) with Nvidia P2000 4GB Graphics Backlit,Type-C Thunderbolt 3","Rs. 225,000",,,No Ratings,Dealz_LK,Unspecified
Asus ROG Strix G18 14JVR ‚Äì i9,"Rs. 227,500",,,No Ratings,yZteTst2,Asus
"Hp Zbook 15 G5, i7 8th gen 16GB DDR4 Ram 512GB Nvme SSD with Nvidia P2000 4GB Graphics With Type-C Thunderbolt 3 Workstation/Gaming Laptop A Grade High Qulity Laptop","Rs. 228,000",,,No Ratings,Sanva Electronics,HP
ASUS X1502Z I7-12700H 12 GEN 8GB RAM 512 GB SSD,"Rs. 230,000",,,No Ratings,Buye.lk,Asus
HP FD 0366NIA Core i5 1334U 13th Gen,"Rs. 230,000","Rs. 250,000",-8%,No Ratings,Thinex.lk,HP
Asus Vivobook F1504VAP Core 5 120U 14th Gen,"Rs. 230,000","Rs. 245,000",-6%,No Ratings,Thinex.lk,Asus
ASUS Vivobook 15 X1504VA i5-1335U | 8GB | 512GB | DOS,"Rs. 230,000","Rs. 270,000",-15%,No Ratings,NEXTECH,Asus
"Asus BR1100FK Laptop | Intel Celeron N4500 | 11.6"" HD Touch Screen | 4GB DDR4 SDRAM | 128GB NVMe | Intel HD Graphics | Windows 11","Rs. 232,875",,,No Ratings,CELLX (PVT) LTD,Asus
"ASUS TUF Gaming A15 FA506NFR-HN004 AMD RYZEN 7 7435HS, 8GB RAM 512GB SSD, 15.6"" FHD IPS 144Hz Display GeForce RTX 2050 4GB GPU English-RUSSIAN Keyboard Free dos Graphite Black","Rs. 232,999","Rs. 399,000",-42%,No Ratings,Tech Trove,Asus
"ASUS ROG G752VT (i7-6700HQ, 16GB RAM, 1TB HDD, NVIIDIA GTX 970M 3GB, 17.3 IPS Full HD, Windows 10) Gaming Notebook","Rs. 233,000",,,No Ratings,yZteTst2,Asus
HP 15 FD0346NIA Core i7 1355U 13th Gen,"Rs. 233,000","Rs. 245,000",-5%,No Ratings,Thinex.lk,HP
ASUS VIVOBOOK X1502Z i7 12 Gen,"Rs. 233,500",,,No Ratings,KTS TECHNOLOGIES,Asus
MacBook Air 13 inch M1 Chip,"Rs. 234,800",,,No Ratings,LuxuryX,Apple
"ASUS Vivobook A1504Z Core i5-1335U/8GB/512GB/WIN 11 HOME/1 YR WARRANTY/ 15""","Rs. 235,000",,,No Ratings,Winsoft,Asus
MSI 15.6 GS66 Stealth Gaming Laptop (Core Black),"Rs. 239,000",,,No Ratings,yZteTst2,MSI
"LENOVO IDEAPAD SLIM 3 AMD RYZEN 5 7520U | AMD RADEON 610M GRAPHICS | 16GB DDR5 5500MHZ | 512GB NVME M.2 SSD | 15.6""INCH FHD IPS THIN BEZEL DISPLAY | WINDOWS 11 HOME | AVAILABLE IN TWO COLOUR (ARTIC GREY/ABYSS BLUE )","Rs. 239,000",,,No Ratings,Games Street,Lenovo
Asus ExpertBook B1 B1502CBA ‚Äì i5,"Rs. 239,439",,,No Ratings,Lenovo by Forttune,Asus
"Dell XPS 15 7590,15.6 4K UHD (3840 X 2160) Touch, 9th Gen Intel Core i7-9750H","Rs. 239,600",,,No Ratings,yZteTst2,Dell
"Apple13.3-inch MacBook Air M1 Chip with Retina Display (Late 2020, Space Gray)","Rs. 239,990",,,No Ratings,Epic Mobiles Private Limited,Apple
Dell Vostro 3520 Core i7 12th Gen,"Rs. 240,000","Rs. 260,000",-8%,No Ratings,Thinex.lk,Dell
LENOVO V15 G2ITL CORE i5 11GN|4GB|256SSD|DOS|BLK|WITH BAG(1y),"Rs. 240,000",,,No Ratings,Dayarathna Technologies,Lenovo
T-Bao T-BOOK X10 Laptop 15.6 inch 1920 x 1080 FHD Screen AMD Athlon Gold 3150U 16GB DDR4 512GB SSD Windows 10 5000mAh Battery Full-size Backlit Keyboard Fingerprint Touchpad - US Plug,"Rs. 240,185","Rs. 324,249",-26%,No Ratings,Nerys,HP
KUU FLEXONES YOGA Laptop Windows 11 Intel i3 1115G4 14.1'' 360 Degree Rotate IPS Touch Screen 8GB DDR4 512GB PCI-E SSD Notebook - Black,"Rs. 240,949","Rs. 325,281",-26%,No Ratings,ZZHI,Lenovo
Apple Macbook Air M1 8GB RAM 256GB SSD,"Rs. 242,000",,,Ratings 3,Touch To Cart,Apple
HP Laptop 15-fc0142AU-AMD Ryzen 7‚Äì 7520U,"Rs. 242,443",,,No Ratings,Lenovo by Forttune,HP
ASUS Vivobook 16X F1605VA i5-13500H |8GB | 512GB | 16.0 WUXGA,"Rs. 244,000","Rs. 268,500",-9%,No Ratings,NEXTECH,Asus
Asus B3402FB Core i5 12th Gen,"Rs. 245,000","Rs. 255,000",-4%,No Ratings,Thinex.lk,Asus
Asus As-D-X513Ea -BQ1635 I3 11 Gen,"Rs. 246,288",,,No Ratings,SUHADA COMPUTERS,Asus
Dell Vostro 3530 Core i5- 1335U | 8GB | 512GB | Ubuntu,"Rs. 246,964","Rs. 256,964",-4%,No Ratings,NEXTECH,Dell
Lenovo ideapad Slim 3 Core i7 13620H 13th Gen,"Rs. 247,000","Rs. 277,000",-11%,No Ratings,Thinex.lk,Lenovo
GPD Pocket 3 Laptop Mini Tablet PC 8 Inch 1920 x 1200 Resolution IPS Touchscreen Intel Pentium N6000 8GB RAM 512GB SSD Windows 10 Home 38.5Wh Battery - US Plug,"Rs. 342,396","Rs. 462,234",-26%,No Ratings,Nerys,Unspecified
Asus Vivobook X1504VA,"Rs. 250,000","Rs. 260,000",-4%,No Ratings,Thinex.lk,Asus
"HP 15S-FQ5099TU FHD IPS Core i7 1255U/8GB/512GB/1 YR WARRANTY/15""","Rs. 250,000",,,No Ratings,Winsoft,HP
"ASUS Vivobook A1504Z Core i7-1255U/8GB/512GB/DOS/1 YR WARRANTY/ 15""","Rs. 250,000",,,No Ratings,Winsoft,Asus
"Dell Inspiron 3520 i3 12 Gen 8GB Ram, 256GB SSD With Microsoft Office","Rs. 251,999",,,No Ratings,Dell,Dell
"Dell Inspiron 3520 i3 12 Gen 8GB Ram, 256GB SSD With Microsoft Office (Black)","Rs. 251,999",,,No Ratings,Dell,Dell
DELL INSPIRON 3520 i5-1235U 8GB | 512GB | WIN 11,"Rs. 252,500","Rs. 265,500",-5%,No Ratings,NEXTECH,Dell
Asus Zenbook Q415MA Core 5 125H 14th Gen,"Rs. 255,000","Rs. 270,000",-6%,No Ratings,Thinex.lk,Asus
"MSI Thin 15 B13UDX-2278AU Intel Core i5-13420H 8GB RAM 512GB SSD, RTX3050 6GB 15.6"" FHD IPS 144Hz Windows 11 Home Backlit Keyboard US","Rs. 255,999","Rs. 399,999",-36%,No Ratings,Tech Trove,MSI
Satellite Pro C50-H - Intel¬Æ Core ‚Ñ¢ i5,"Rs. 256,000",,,No Ratings,Dayarathna Technologies,Unspecified
ASUS VIVOBOOK X1504VA-NJ379 I7 13TH GEN 15.6‚Ä≥FHD DISPLAY LAPTOP,"Rs. 258,500",,,No Ratings,SUHADA COMPUTER CENTER 1639471481,Asus
Lenovo V15 G2 ITL Core I5 Business Laptop,"Rs. 260,000",,,No Ratings,Winsoft,Lenovo
MSI MODERN 15-B7M RYZEN 5 7530U | 8GB | 512SSD | W10 | 15.6‚Ä≥ 1080P IPS Thin Bezel Display,"Rs. 260,500",,,No Ratings,E - Zone Technologies (Pvt) Ltd,MSI
ASUS ZENBOOK 14OLED (Q415MA),"Rs. 260,700",,,No Ratings,Techtrove,Asus
HP 15 13th Gen i5 1335U,"Rs. 260,890",,,No Ratings,Lenovo by Forttune,HP
HP 14 - EP0199NR Core i7 1355U 13th Gen,"Rs. 262,000","Rs. 295,000",-11%,No Ratings,Thinex.lk,HP
ASUS ZENBOOK Q415MA-U5512 INTEL CORE ULTRA 5 14 TH GEN LAPTO,"Rs. 262,900",,,No Ratings,SUHADA COMPUTER CENTER 1639471481,Asus
ASUS ExpertBook B1502CVA -i5,"Rs. 263,525",,,No Ratings,Lenovo by Forttune,Asus
"ASUS TUF F15 FX507ZC4-HN059 Intel Core i5-12500H 4.5GHz 15.6'' Full HD IPS 144Hz 16GB DDR4 1TB SSD NVIDIA GeForce RTX 3050 4GB GDDR6, No OS Jaeger Gray","Rs. 265,000","Rs. 399,999",-34%,No Ratings,Tech Trove,Asus
"Apple MacBook Air 13.6-inch M2 Chip 16GB RAM 256GB (2022, Midnight)","Rs. 265,000",,,No Ratings,Digital Care,Apple
MSI THIN A15 B7UCX AMD Ryzen 5 7535HS,"Rs. 265,000","Rs. 285,000",-7%,No Ratings,Thinex.lk,MSI
Asus Vivobook A1504V Core i7 13th Gen,"Rs. 265,000","Rs. 275,000",-4%,No Ratings,Thinex.lk,Asus
ASUS Vivobook 16 X1605ZA i7-1255U | 12GB | 512GB | 16.0 WUXGA,"Rs. 265,000","Rs. 279,900",-5%,No Ratings,NEXTECH,Asus
Dell Vostro 3520 Intel Core i5 12th Gen / 8GB / 512SSD / Original Windows / Backpack,"Rs. 265,000",,,No Ratings,TRR Sri Lanka,Dell
HP PROBOOK 450 G10 I5 13GEN,"Rs. 269,000",,,Ratings 1,Buye.lk,HP
"Laptop Huawei Matebook D15 8Gb Ddr4 Ram, 256Gb Nvme Ssd","Rs. 269,990",,,No Ratings,SUHADA COMPUTER CENTER 1639471481,Unspecified
HP ProBook 440 14 inch G11 Notebook PC (A22YCEA),"Rs. 272,800",,,No Ratings,Techtrove,HP
MSI GF63 Thin 11UC Core i5-11400H GTX 1650 4GB Dedicated VGA 8GB RAM / 512GB SSD Gaming Laptop,"Rs. 274,900",,,No Ratings,E - Zone Technologies (Pvt) Ltd,MSI
MSI THIN B13UCX Core i5 13420H 13th Gen,"Rs. 275,000","Rs. 290,000",-5%,No Ratings,Thinex.lk,MSI
Asus Vivobook K3604V Core i7 1355U 13th Gen,"Rs. 275,000","Rs. 290,000",-5%,No Ratings,Thinex.lk,Asus
"HP PROBOOK 440 G9 I5-1235U/8/512/W11 PROFESSIONAL/3 YR WARRANTY/14""","Rs. 275,000",,,No Ratings,Winsoft,HP
"HP 250 G8 Commercial Laptop (11th Gen Intel Core i3, 4GB RAM, 1TB HDD, Windows 10)","Rs. 276,960",,,No Ratings,CELLX (PVT) LTD,HP
"MSI THIN 15 GAMING Intel Core i5-13420H 16GB RAM 512GB SSD 15.6 FHD IPS 144Hz Nvidia RTX2050 4GB, DOS ENG Keyboard","Rs. 281,500","Rs. 399,999",-30%,No Ratings,Tech Trove,MSI
Acer Aspire 5 A515 ‚Äì Intel Core i5,"Rs. 282,000",,,No Ratings,Dayarathna Technologies,Acer
HP VICTUS 15-FA2701WM CORE i5-13420H 16GB RAM 512GB SSD 15.6'' FHD IPS 144HZ DISPLAY NVIDIA GeForce RTX 4050 6GB ENG US BACKLIT KB MICA SILVER WIN-11,"Rs. 285,936","Rs. 399,999",-29%,Ratings 1,Tech Trove,HP
HP VICTUS FB2082WM R5-8645HS,"Rs. 286,000",,,No Ratings,Techtrove,HP
HP Victus Gaming Laptop ‚Äì 12th Gen / Intel Core i5-12500H / 15.6inch FHD / 512GB SSD / 16GB RAM / 4GB NVIDIA GeForce RTX 3050 Graphics / Windows 11 Home,"Rs. 286,500","Rs. 325,000",-12%,No Ratings,Sanva Electronics,HP
Lenovo IdeaPad 3 14ALC6 14‚Ä≥ IPS Ryzen 5 Laptop,"Rs. 288,000",,,No Ratings,Winsoft,Lenovo
"Macbook Air 13"" M1 Chip 8GB RAM 256GB SSD","Rs. 289,000",,,No Ratings,Apple Gallery,Apple
HP Victus Gaming Laptop ‚Äì 12th Gen / Intel Core i5-12500H / 15.6inch FHD / 512GB SSD / 16GB RAM / 4GB NVIDIA GeForce RTX 3050 Graphics / Windows 11 Home,"Rs. 289,500","Rs. 328,500",-12%,No Ratings,Dealz_LK,HP
HP ProBook 460 G11 16‚Ä≥ FHD Intel Core Ultra 5-125U 8GB RAM 512GB Laptop,"Rs. 289,990",,,No Ratings,Epic Mobiles Private Limited,HP
HP ProBook 440 G11 14‚Ä≥ FHD Intel Core Ultra 5-125U 8GB RAM 512GB Laptop,"Rs. 289,990",,,No Ratings,Epic Mobiles Private Limited,HP
MacBook Air M2 13‚Äùinch 16GB 256GB,"Rs. 290,000",,,No Ratings,Central Tech,Apple
HP VICTUS 15 FA0033DX Core i5 12450H 12th Gen,"Rs. 290,000","Rs. 310,000",-6%,No Ratings,Thinex.lk,HP
MSI GF63 THIN 11SC I5 11400H / 8GB / 512GB / GTX1650 4GB / 15.6‚Äù FHD WIFI BT / WIN 11 / IPS GAMING LAPTOP,"Rs. 290,000",,,No Ratings,Chama.Computers (Pvt) Ltd,MSI
Acer Aspire A15-51P Core 5-120U 16GB 512GB Win 11,"Rs. 290,784","Rs. 310,000",-6%,No Ratings,NEXTECH,Acer
MSI Thin 15 B13UCX i5 13th Gen RTX 3050,"Rs. 291,500",,,No Ratings,Authorized HQ (Pvt) Ltd.,MSI
LENOVO LOQ 15IRH8 i5 13TH GEN GAMING LAPTOP,"Rs. 291,500",,,No Ratings,SUHADA COMPUTER CENTER 1639471481,Lenovo
LENOVO LOQ i5-13420H 8GB 1TB,"Rs. 295,000",,,No Ratings,Techtrove,Lenovo
MSI MODERN 15 B12M I5-1235U/512 SSD/8GB/WIN11 PROFESSONAL/ 3YR WARRANTY,"Rs. 295,000",,,No Ratings,Winsoft,MSI
ASUS TUF FX507ZC i5-12500H,"Rs. 297,000",,,No Ratings,Techtrove,Asus
Asus Vivobook 15 OLED M513UA R7-5700U | 8GB | 512GB | Win 10,"Rs. 297,000","Rs. 317,000",-6%,No Ratings,NEXTECH,Asus
"Apple MacBook Air M2 13-Inch Laptop, 256GB SSD, 16GB RAM, Starlight/ Midnight, Retina Display, macOS, Lightweight, Long Battery Life","Rs. 297,500",,,No Ratings,LuxuryX,Apple
HP 15S FQ2789TU INTEL I5-113G7 | IRIS XE GRAPHICS | 8GB DDR4 2666MHZ | 512GB M.2 NMVE SSD | 15.6‚Äù FHD THIN BEZEL DISPLAY | WINDOWS 11 HOME + OFFICE HOME & STUDENT,"Rs. 298,000",,,No Ratings,Games Street,HP
"ASUS V16 FX3607VU 15th Intel Core 5 210H 16GB DDR5 RAM, 512GB SSD RTX 4050/6GB Graphic 16"" (1920x1200)144Hz RGB BACKLIT KEYBOARD BLACK, WIN 11 ENG KB","Rs. 298,999","Rs. 399,989",-25%,No Ratings,Tech Trove,Asus
"badgeASUS TUF GAMING F15 FX507ZC4 INTEL I5-12500H | RTX 3050, 4GB GDDR6 | 16GB DDR4 3200MHZ | 512GB M.2 NVME SSD | 15.6"" INCH FHD IPS 144HZ ADAPTIVE-SYNC THIN BEZEL DISPLAY | WINDOWS 11 HOME + OFFICE HOME & STUDENT","Rs. 299,500","Rs. 375,000",-20%,No Ratings,Dealz_LK,Asus
Acer Nitro V15 AMD Ryzen 5 7535HS,"Rs. 300,000","Rs. 350,000",-14%,No Ratings,Thinex.lk,Acer
"MSI Thin GF63 12UCX IPS I5 12450H/ RTX 2050/8GB/512 SSD/ 144Hz Gaming/2 YR WARRANTY/15""","Rs. 300,000",,,No Ratings,Winsoft,MSI
"Laptop Huawei Matebook D15 8Gb Ddr4 Ram, 256Gb Nvme SSD","Rs. 300,000",,,No Ratings,SUHADA COMPUTERS,Unspecified
Huawei Matebook D15,"Rs. 300,000",,,No Ratings,MOBILEhome,Unspecified
ASUS TUF F15 FX507ZC-ES53 I5 12TH GEN-12500H 15.6‚Ä≥FHD GAMING LAPTOP,"Rs. 302,500",,,No Ratings,SUHADA COMPUTER CENTER 1639471481,Asus
Dell Inspiron 3501 I7 11Th Gen Brand New Laptop,"Rs. 304,750",,,No Ratings,SUHADA COMPUTER CENTER 1639471481,Dell
MSI Thin 15 B13UCX i5 13th Gen RTX 2050,"Rs. 305,200",,,No Ratings,Authorized HQ (Pvt) Ltd.,MSI
HP ProBook 450 G10 ‚Äì i7,"Rs. 307,903",,,No Ratings,Lenovo by Forttune,HP
HP ProBook 440 14 inch G11 Notebook PC (A22YBEA),"Rs. 308,000",,,No Ratings,Techtrove,HP
Lenovo IdeaPad Slim 3 IP5 15IRH8 laptop,"Rs. 308,900",,,No Ratings,Lenovo by Forttune,Lenovo
Lenovo IdeaPad Flex 5 14ALC7,"Rs. 312,000",,,No Ratings,Lenovo by Forttune,Lenovo
"Apple MacBook Air 13.6-inch MC7X4 with M2 Chip 16GB RAM 256GB (2022, Midnight)","Rs. 312,990",,,No Ratings,Epic Mobiles Private Limited,Apple
Asus TUF Gaming FA506NFR AMD Ryzen 7 7435HS,"Rs. 315,000","Rs. 330,000",-5%,No Ratings,Thinex.lk,Asus
Asus Vivobook S16 FLIP TP3604V Core i5 1335U 13th Gen,"Rs. 315,000","Rs. 325,000",-3%,No Ratings,Thinex.lk,Asus
Lenovo IdeaPad 3 14ALC6 14‚Ä≥ IPS Ryzen 7 Laptop,"Rs. 315,000",,,No Ratings,Winsoft,Lenovo
Dell Vostro 3530 i5- 1335U | 8GB | 512GB | DOS,"Rs. 316,000","Rs. 330,500",-4%,No Ratings,NEXTECH,Dell
"ASUS VIVOBOOK PRO 15 OLED Q533MJ Gaming Intel Ultra 7 155H 16GB 1TB SSD 15.6"" Laptop","Rs. 317,500","Rs. 499,000",-36%,No Ratings,Tech Trove,Asus
Apple Macbook Air 13 M2 Chip ( 8GB / 256GB MLY33),"Rs. 319,000","Rs. 365,000",-13%,No Ratings,Touch To Cart,Apple
Asus TUF Gaming F15 FX507ZC Intel Core i5 12500H,"Rs. 320,000","Rs. 350,000",-9%,No Ratings,Thinex.lk,Asus
MSI Modern 15 B12M 15.6‚Ä≥ IPS Core i5 Laptop,"Rs. 320,000",,,No Ratings,Winsoft,MSI
Asus As D Tp470Ea 083 I7 11Th Gen 512Gb 8Gb Laptop,"Rs. 322,000",,,No Ratings,SUHADA COMPUTER CENTER 1639471481,Asus
HP VICTUS 15 FA1093DX Core i5 13420H,"Rs. 325,000","Rs. 340,000",-4%,No Ratings,Thinex.lk,HP
Dell 3511-I7-8Gb-512-15.6 Led Laptop,"Rs. 327,000",,,No Ratings,SUHADA COMPUTERS,Dell
Dell 3511-I7-8GB-512-15.6 LRD Laptop,"Rs. 327,000",,,No Ratings,SUHADA COMPUTER CENTER 1639471481,Dell
HP Victus 15-FA1093DX I5 13 GEN,"Rs. 329,000",,,No Ratings,Buye.lk,HP
"ASUS X515E VIVOBOOK - i7-1165G7 , 512GB Nvme, 8GB,DISPLAY: 15.6‚Äù, Full HD (1920 x 1080)","Rs. 329,900",,,No Ratings,E - Zone Technologies (Pvt) Ltd,Asus
"ASUS TUF Gaming A15 FA507NVR-LP003 AMD RYZEN 7- 7435HS 4.5GHz, 15.6''Full HD IPS 144Hz 16GB Laptop","Rs. 329,999","Rs. 485,000",-32%,No Ratings,Tech Trove,Asus
HP ENVY X360 14 FC0023DX Core Ultra 7 155U 14th Gen,"Rs. 330,000","Rs. 360,000",-8%,No Ratings,Thinex.lk,HP
HP ProBook 440 G9 14‚Ä≥ Core I5 Laptop + Alcatroz MG 370 Headset + MSI M88 Mouse + HP Side Bag,"Rs. 335,000",,,No Ratings,Winsoft,HP
"Dell Inspiron 3520 ‚Äì Intel Core i5 12th Gen, 8GB RAM, 512GB NVMe, Intel UHD Graphics","Rs. 344,950",,,No Ratings,TEKNO WORLD,Dell
MSI Cyborg 15 A13UC Core i7 13620H 13th Gen,"Rs. 345,000","Rs. 365,000",-5%,No Ratings,Thinex.lk,MSI
Lenovo IdeaPad Flex 5 14ALC7,"Rs. 345,000",,,No Ratings,Lenovo by Forttune,Lenovo
Lenovo IdeaPad Flex 5 14ALC05 14‚Ä≥ IPS Touch Screen Laptop,"Rs. 345,000",,,No Ratings,Winsoft,Lenovo
"HP 15S-FQ2789TU i5 8GB,512GB SSD,15.6‚Ä≥HD Brightview, Windows 11, 2 Year Warranty","Rs. 346,072",,,No Ratings,CELLX (PVT) LTD,HP
HP 250 G8 Intel Core i5 1135G7 15.6 Inch FHD Display Black Laptop #4T087PA-3YEARS WARRANTY,"Rs. 347,175",,,No Ratings,CELLX (PVT) LTD,HP
"Dell Inspiron 3520 i5 12 Gen 8GB Ram, 512GB SSD With Microsoft Office","Rs. 347,999",,,No Ratings,Dell,Dell
Asus ZENBOOK Q425MA Core Ultra 7 14th Gen,"Rs. 350,000","Rs. 365,000",-4%,No Ratings,Thinex.lk,Asus
Macbook air m1 8gb 256gb,"Rs. 350,000",,,No Ratings,SB MODIFY,Apple
Dell Inspiron 16 5620 I7 - 1255U | 16GB | 512GB | Win 11,"Rs. 354,760","Rs. 374,760",-5%,No Ratings,NEXTECH,Dell
Microsoft Surface Pro 10 (ZDR-00007) 13‚Ä≥ Intel Core Ultra 5 ‚Äì 135U 8GB 256GB WiFi ‚Äì Platinum,"Rs. 354,990",,,No Ratings,Epic Mobiles Private Limited,Unspecified
"Apple MacBook Air (MLY43) 13.6-inch with M2 Chip 8GB RAM 512GB (2022, Midnight)","Rs. 354,990",,,No Ratings,Epic Mobiles Private Limited,Apple
lenovio IdeaPad Flex 5 14IRU8 laptop,"Rs. 355,000",,,No Ratings,SUHADA COMPUTERS,Lenovo
Acer Nitro V 15 ANV15-51-52AM Gaming ‚Äì i5,"Rs. 358,975",,,No Ratings,Lenovo by Forttune,Acer
ASUS TUF FA507 RYZEN 7 16GB RAM 512 GB SSD RTX 4050 6GB,"Rs. 360,000",,,No Ratings,UNISYSCOMPUTERSYSTEM,Asus
"MSI Katana GF66 12UEOK Core I5 12450H/ RTX 3060 6GB /8GB/512 SSD/144Hz Gaming/2 YR WARRANTY/15""","Rs. 360,000",,,No Ratings,Winsoft,MSI
MSI Modern 15 F1MG Core‚Ñ¢ 7 -150U | 16GB | 512GB | 15.6 IPS,"Rs. 360,847","Rs. 380,847",-5%,No Ratings,NEXTECH,MSI
HP - Victus Gaming Laptop - Intel Core i5,"Rs. 362,000",,,No Ratings,LAPTOPSTORE.LK,HP
"Apple MacBook Air M4 13-Inch Laptop, 256GB SSD, 16GB RAM, Silver/ Midnight/ Sky Blue, Retina Display, macOS, Lightweight, Long Battery Life","Rs. 365,000",,,No Ratings,LuxuryX,Apple
ASUS VB S16 TP3604V i9-13900H,"Rs. 365,200",,,No Ratings,Techtrove,Asus
Asus Vivobook 15 A1504VA ‚Äì i7,"Rs. 365,246",,,No Ratings,Lenovo by Forttune,Asus
HP ProBook 450 G10 ‚Äì i7,"Rs. 366,405",,,No Ratings,Lenovo by Forttune,HP
HP ProBook 450 G9 15.6 FHD Core I5 12th Gen Laptop,"Rs. 370,000",,,No Ratings,Winsoft,HP
"Dell Alienware M18 R2 Intel Core i9, 14th gen 4TB SSD, 64gb RAM 18 inches Gaming Laptop","Rs. 374,000",,,No Ratings,yZteTst2,Dell
"Apple 13-inch MacBook Air with M4 Chip 16GB RAM 256GB | MW123 (2025, Midnight)","Rs. 374,990",,,No Ratings,Epic Mobiles Private Limited,Apple
Acer Swift Go 14 - core Ultra 5 - 125H,"Rs. 375,681",,,No Ratings,Lenovo by Forttune,Acer
"Apple Macbook Air 13"" 8GB RAM 256GB SSD M2 Chip","Rs. 376,230",,,No Ratings,Apple Gallery,Apple
HP Victus 15 Fa1249Tx Gaming ‚Äì i5,"Rs. 377,760",,,No Ratings,Lenovo by Forttune,HP
Asus TUF A15 FA507NUR AMD Ryzen 7 7735HS,"Rs. 378,000","Rs. 390,000",-3%,No Ratings,Thinex.lk,Asus
Asus TUF Gaming F15 FX507ZC4 Core i7 12700H 12th Gen,"Rs. 378,000","Rs. 400,000",-6%,No Ratings,Thinex.lk,Asus
"Microsoft Surface Pro 9 Tablet - 13"" - Core i7 12th Gen i7-1265U Deca-core (10 Core) - 16 GB RAM - 256 GB SSD - Windows 11 Pro 64-bit","Rs. 379,000",,,No Ratings,The GadgetStores,Unspecified
16-inch Apple MacBook Pro M1 Max | 32 GB RAM | 1 TB SSD | 24-core GPU,"Rs. 380,000",,,No Ratings,CAMERA POINT COLOMBO,Apple
"ASUS Vivobook S 14 OLED Laptop, AMD Ryzen AI 9, 24GB, 512GB SSD, Neutral Black, M5406WA-DS76","Rs. 380,000",,,No Ratings,LAPZ STORE LK,Asus
"Dell Inspiron 3511 i5 MX350 Graphics With Office, 8GB RAM, 512 SSD","Rs. 384,999",,,No Ratings,Dell,Dell
ASUS ExpertBook B1502CVA -i7,"Rs. 388,380",,,No Ratings,Lenovo by Forttune,Asus
"Dell Inspiron 3520 ‚Äì Intel Core i5 12th Gen, 8GB RAM, 512GB NVMe, NVIDIA MX550 2GB Graphics","Rs. 389,000",,,No Ratings,TEKNO WORLD,Dell
Macbook Air M1 8GB 256GB,"Rs. 389,000",,,No Ratings,Rooter.lk,Apple
Dell 3511-I7-8Gb-512-15.6 Led Laptop,"Rs. 389,850",,,No Ratings,SUHADA COMPUTER CENTER 1639471481,Dell
"Dell Inspiron 5310 i7 11 Gen With Office, 8GB RAM, 512 SSD, 13 Inch Laptop","Rs. 389,999",,,No Ratings,CELLX (PVT) LTD,Dell
"ASUS VIVOBOOK PRO 15 OLED Q543MJ Gaming Intel Ultra 9 185H 24GB 2TB SSD 15.6"" FHD OLED 120Hz Win11 RTX 3050 6GB Grey ENGLISH Backlit KB","Rs. 392,999","Rs. 599,999",-35%,No Ratings,Tech Trove,Asus
Acer Nitro V15 Core i7 13620H 13th Gen,"Rs. 394,000","Rs. 410,000",-4%,No Ratings,Thinex.lk,Acer
"Apple 2023 MacBook Pro 14-inch M3, 8-core, 8GB RAM, 1TB SSD, Space Gray, 2 battery cycles.","Rs. 395,000",,,No Ratings,CAMERA POINT COLOMBO,Apple
Lenovo,"Rs. 397,700","Rs. 405,000",-2%,No Ratings,NEXTECH,Lenovo
"Dell Inspiron 3520 ‚Äì Intel Core i7 12th Gen, 8GB RAM, 512GB NVMe, Intel Iris Xe Graphics","Rs. 398,000",,,No Ratings,TEKNO WORLD,Dell
"Lenovo ThinkPad P14s Gen 3 Business Notebook -Core-i7,16GB RAM,512 GB SSD","Rs. 398,960",,,No Ratings,OAK Integrated Systeams (pvt) Ltd,Lenovo
"Apple MacBook Air 13.6-inch MRXW3 with M3 Chip 8GB RAM 512GB (2024, Midnight)","Rs. 399,990",,,No Ratings,Epic Mobiles Private Limited,Apple
Dell Inspiron 14 5410 2-in-1 8GB and 512SSD 2 Years Singer Warranty,"Rs. 399,999",,,No Ratings,DealMate.lk,Dell
Microsoft Surface Pro 7 laptop - Intel Core i5 - 8GB - 256GB - Platinum,"Rs. 400,000",,,No Ratings,Gearz,Unspecified
"Dell Inspiron 3520 i7 12 Gen 8GB Ram, 512GB SSD With Microsoft Office","Rs. 405,999",,,No Ratings,Dell,Dell
"Apple MacBook Air M3 13-Inch Laptop, 512GB SSD, 8GB RAM, Midnight, Retina Display, macOS, Lightweight, Long Battery Life","Rs. 406,250",,,No Ratings,LuxuryX,Apple
"Dell Inspiron 3520 i5 12 Gen 8GB Ram, 512GB SSD With Microsoft Office","Rs. 406,999",,,No Ratings,Dell,Dell
LENOVO LEGION 5 INTEL CORE i7-13650HX 16GB 1TB SSD NVIDIA GEFORCE RTX4060 8GB 16''FHD DOS ENGLISH RGB BACKLIT KEY GREY,"Rs. 409,999","Rs. 599,999",-32%,No Ratings,Tech Trove,Lenovo
Asus,"Rs. 410,000","Rs. 420,000",-2%,No Ratings,NEXTECH,Asus
Asus VIVOBOOK Pro Q533MJ Core Ultra 7 155H 14th Gen,"Rs. 410,000","Rs. 425,000",-4%,No Ratings,Thinex.lk,Asus
Acer Nitro V 15 ANV15-51-52AM Gaming ‚Äì i7,"Rs. 411,467",,,No Ratings,Lenovo by Forttune,Acer
Hp Victus 16 Ryzen 5 s0152Ax Gaming,"Rs. 412,102",,,No Ratings,Lenovo by Forttune,HP
MSI THIN 15 B13VE - i7 RTX 4050,"Rs. 419,087",,,No Ratings,Lenovo by Forttune,MSI
MSI Katana 15 B13VEK Core i7 13620H 13th Gen,"Rs. 420,000","Rs. 455,000",-8%,No Ratings,Thinex.lk,MSI
MSI Cyborg 15 A13VF Core i7 13620H 13th Gen,"Rs. 420,000","Rs. 450,000",-7%,No Ratings,Thinex.lk,MSI
"Apple MacBook Air Laptop: Apple M1 Chip, (13.3 Inch , 8GB RAM, 512GB SSD Storage)","Rs. 420,000",,,No Ratings,TELE CHOICE,Apple
"Apple MacBook Air MC9D4 15.3-inch with M3 Chip 16GB RAM 256GB (2024, Space Gray)","Rs. 424,990",,,No Ratings,Epic Mobiles Private Limited,Apple
"Dell Inspiron 5410 i7 11 Gen With Office, 8GB RAM, 512 SSD, 14 Inch Laptop Silver","Rs. 425,000",,,Ratings 1,CELLX (PVT) LTD,Dell
"Dell Inspiron 3511 i7 With Office, 8GB RAM, 512GB SSD, Nvidia MX350 Graphics","Rs. 429,999",,,No Ratings,Dell,Dell
Asus TUF F15 FX507VU Core i7 13620H 13th Gen,"Rs. 430,000","Rs. 470,000",-9%,No Ratings,Thinex.lk,Asus
Asus TUF Gaming FA507NV AMD Ryzen 7 7735HS,"Rs. 430,000","Rs. 450,000",-4%,No Ratings,Thinex.lk,Asus
"Macbook Pro 13"" Space Gray M2 Chip 8GB RAM 256GB SSD","Rs. 439,000",,,No Ratings,Apple Gallery,Apple
Acer Swift Go 14 - core Ultra 7 - 155H,"Rs. 442,722",,,No Ratings,Lenovo by Forttune,Acer
"Apple MacBook Air M4 15-Inch Laptop, 256GB SSD, 16GB RAM, Midnight/ Sky Blue, Retina Display, macOS, Lightweight, Long Battery Life","Rs. 447,500",,,No Ratings,LuxuryX,Apple
Hp Victus 16 Ryzen 7 s0153Ax Gaming,"Rs. 448,719",,,No Ratings,Lenovo by Forttune,HP
Brand New Sealed Apple MacBook Pro 16in 2023 - M3 PRO 12C/18C18GB 512GB 05-23-25,"Rs. 450,000",,,No Ratings,APPLE STORE 2,Apple
"Apple MacBook Air M2 15"" 8GB RAM 256GB / 512GB SSD ZP/A","Rs. 452,570","Rs. 499,999",-9%,No Ratings,Apple Gallery,Apple
One Netbook OneXPlayer 2 Pro 5 in 1 Handheld Gaming PC 8.4'' 2K IPS Screen AMD Ryzen 7 7840U 32GB LPDDR5 RAM 2TB M.2 Windows 11 US - White,"Rs. 500,671","Rs. 675,905",-26%,No Ratings,Nerys,Unspecified
ONE Netbook OneXPlayer 2 Game Console 8.4'' 2K IPS Screen AMD Ryzen 7 6800U 16GB LPDDR5 1TB M.2 17100mAh Battery Windows 11 Black - US,"Rs. 456,401","Rs. 616,141",-26%,No Ratings,ZZHI,Unspecified
Dell 5515-G5-R7-16GB-15.6LED-512GBSSD-3050TI VGA,"Rs. 459,000",,,No Ratings,SUHADA COMPUTER CENTER 1639471481,Dell
"Apple MacBook Air M4 13-Inch Laptop, 512GB SSD, 16GB RAM, Midnight/ Sky Blue, Retina Display, macOS, Lightweight, Long Battery Life","Rs. 460,000",,,No Ratings,LuxuryX,Apple
LenovoThinkPad L14 Gen4,"Rs. 463,900",,,No Ratings,Lenovo by Forttune,Lenovo
Asus TUF Gaming FX507VV Core i7 13620H 13th Gen,"Rs. 465,000","Rs. 490,000",-5%,No Ratings,Thinex.lk,Asus
"ASUS ROG STRIX G15 G513RM | AMD RYZEN 7 6800H | RTX 3050 4GB | DDR5 16GB | 512GB NVME | 15.6"" FHD | WIN 11 ","Rs. 465,000",,,No Ratings,Dealz_LK,Asus
"MSI CYBORG 15 AI A1VEK LAPTOP | INTEL CORE ULTRA 7 155H |RTX4050, 6GB GDDR6 | 16GB DDR5 5600MHZ | 512GB NVME SSD | 15.6 INCH FHD 144HZ DISPLAY |WINDOWS 11 HOME 9S7-15K211-222","Rs. 466,000",,,No Ratings,Games Street,MSI
ASUS TUF FX507 i7,"Rs. 467,500",,,No Ratings,Techtrove,Asus
MSI Katana B13VGK Core i7 13620H 13th Gen,"Rs. 490,000","Rs. 520,000",-6%,No Ratings,Thinex.lk,MSI
Huawei Honor MagicBook 15 2021 15.6'' Screen Laptop Intel i5-1135G7 16GB DDR4 512GB NVME SSD NVIDIA GeForce MX450 Windows 10,"Rs. 496,700","Rs. 670,545",-26%,No Ratings,Nerys,Unspecified
"HP ZBook Studio 16 G10 16"" i7-13800H 32GB DDR5 1TB SSD RTX 2000 Windows 11 Pro","Rs. 499,000",,,No Ratings,LAPZ STORE LK,HP
"Apple MacBook Air (MXD13) 15.3-inch with M3 Chip 16GB RAM 512GB (2024, Space Gray)","Rs. 499,990",,,No Ratings,Epic Mobiles Private Limited,Apple
"Razer Blade 15,6"" gamer laptop QHD 240HZ, Intel Core i7 - NVIDIA GeForce","Rs. 499,999",,,No Ratings,LAPZ STORE LK,Razer
"Dell XPS 13 9310 i5, 8GB RAM, 512 SSD","Rs. 509,999",,,No Ratings,Dell,Dell
Asus TUF Gaming F15 FX507V Core i7 13620H 13th Gen,"Rs. 510,000","Rs. 550,000",-7%,No Ratings,Thinex.lk,Asus
ONE Netbook OneXPlayer Mini Pro Game Console 7'' IPS Display AMD RYZEN 7 6800U 32GB LPDDR5 2TB M.2 12450mAh Battery Windows11 - US,"Rs. 511,438","Rs. 690,441",-26%,No Ratings,Fengshi,Unspecified
"Macbook Pro 13"" M2 Chip 8GB RAM 512GB SSD Space Gray","Rs. 519,000",,,No Ratings,Apple Gallery,Apple
ASUS ROG G16 GU603 i7,"Rs. 522,500",,,No Ratings,Techtrove,Asus
"Apple MacBook Air M4 15-Inch Laptop, 512GB SSD, 16GB RAM, Starlight/ Midnight, Retina Display, macOS, Lightweight, Long Battery Life","Rs. 528,750",,,No Ratings,LuxuryX,Apple
HP OMEN 16 Gaming 16AE 0073C Core i7 14650HX 14th Gen,"Rs. 530,000","Rs. 550,000",-4%,No Ratings,Thinex.lk,HP
Microsoft Surface Pro 7 - Intel Core i7 - 16GB - 512GB - Platinum,"Rs. 530,000",,,No Ratings,Gearz,Unspecified
Macbook Pro M2 8GB 256GB,"Rs. 537,000",,,No Ratings,Rooter.lk,Apple
Asus ROG STRIX G614J Core i7 13650HX 13th Gen,"Rs. 550,000","Rs. 585,000",-6%,No Ratings,Thinex.lk,Asus
"MSI CYBORG 15 AI A1VFK LAPTOP | INTEL CORE ULTRA 7 155H |RTX4060, 8GB GDDR6 | 16GB DDR5 4800MHZ | 1TB NVME SSD | 15.6 INCH FHD 144HZ DISPLAY |WINDOWS 11 HOME 9S7-15K211-082","Rs. 552,500",,,No Ratings,Games Street,MSI
"Apple MacBook Pro (MW2U3) 14-inch with M4 Chip 16GB RAM 512GB SSD (Late 2024, Space Black)","Rs. 563,990",,,No Ratings,Epic Mobiles Private Limited,Apple
MSI Sword 16 HX i7 14th Gen RTX 4050,"Rs. 566,160",,,No Ratings,Authorized HQ (Pvt) Ltd.,MSI
HP Victus 15 Fa1252Tx Gaming ‚Äì i7,"Rs. 566,191",,,No Ratings,Lenovo by Forttune,HP
"Apple MacBook Pro MRXW3 14-inch with M4 Chip 16GB RAM 512GB SSD (Late 2024, Space Black)","Rs. 569,990",,,No Ratings,Epic Mobiles Private Limited,Apple
"Apple MacBook Pro MRX33 14-inch with M3 Pro Chip 18GB RAM 512GB SSD (Late 2023, Space Black)","Rs. 594,990",,,No Ratings,Epic Mobiles Private Limited,Apple
"Apple MacBook Pro M4 14-Inch Laptop, 512GB SSD, 16GB RAM, Space Black, Liquid Retina XDR Display, macOS, High Performance, Long Battery Life","Rs. 595,000",,,No Ratings,LuxuryX,Apple
"HP ZBook Studio G10 laptop: 13700 i7, 32GB RAM, 1TB, RTX 2000 (VADONAT√öJ)","Rs. 599,000",,,No Ratings,LAPZ STORE LK,HP
HP ZBook Studio G10 16 Intel Core i7 13/ i7-13700H 32 GB,"Rs. 599,000",,,No Ratings,LAPZ STORE LK,HP
Asus ROG STRIX G614JV Core i9 13980HX,"Rs. 615,000","Rs. 645,000",-5%,No Ratings,Thinex.lk,Asus
MSI Creator M16 HX C14V i7 14th Gen RTX 4050,"Rs. 622,720",,,No Ratings,Authorized HQ (Pvt) Ltd.,MSI
"Apple MacBook Pro M4 14-Inch Laptop, 1TB SSD, 16GB RAM, Silver/ Space Black, Liquid Retina XDR Display, macOS, High Performance, Long Battery Life","Rs. 652,500",,,No Ratings,LuxuryX,Apple
"Apple MacBook Pro 14-inch MX2H3 with M4 Chip 24GB RAM 512GB SSD (Late 2024, Space Black)","Rs. 659,990",,,No Ratings,Epic Mobiles Private Limited,Apple
MSI Creator M16 HX C14V i7 14th Gen RTX 4060,"Rs. 670,880",,,No Ratings,Authorized HQ (Pvt) Ltd.,MSI
